Tab.2.3.8;;;;;;;;;;;;;;;;;;;
;;;;;;;;;;;;;;;;;;;
Schüler/-innen an allgemeinbildenden Schulen nach Klassen- bzw. Jahrgangsstufen, Bildungsbereichen und Ländern 1);;;;;;;;;;;;;;;;;;;
;;;;;;;;;;;;;;;;;;;
;;Länder insgesamt 2);Länder insgesamt;Baden-Württemberg;Bayern;Berlin;Brandenburg;Bremen;Hamburg;Hessen 3);Mecklenburg-Vorpommern;Niedersachsen;Nordrhein-Westfalen;Rheinland-Pfalz;Saarland;Sachsen;Sachsen-Anhalt;Schleswig-Holstein;Thüringen
Schuljahr;Klassen- bzw. Jahrgangsstufe;Anzahl;Anteile (%);Anteile (%);Anteile (%);Anteile (%);Anteile (%);Anteile (%);Anteile (%);Anteile (%);Anteile (%);Anteile (%);Anteile (%);Anteile (%);Anteile (%);Anteile (%);Anteile (%);Anteile (%);Anteile (%)
1999/2000;Vorschulbereich;67421;0,7;0,6;-;2,6;-;1,2;3,3;1;0,1;1,4;0,6;0,3;0,4;0,2;0,2;0,5;0,1
1999/2000;Primarbereich;3532746;35,2;38,1;37,9;30,3;25,3;35;35;37,1;26,3;38;36;38,4;38;27,4;27,2;39,2;26,7
1999/2000;  1;825878;8,2;9,2;9,3;6,8;4,3;8,6;8,5;9;4,2;9,3;8,8;9,3;9,2;4,7;4,9;9,4;4,8
1999/2000;  2;864381;8,6;9,5;9,5;7;5;8,7;8,9;9,4;5,1;9,8;9,1;9,7;9,5;5,4;5,6;10,2;5,3
1999/2000;  3;916918;9,1;9,8;9,7;7,9;7,2;8,9;8,9;9,5;7,3;9,6;9,2;9,9;9,9;7,9;7,5;10,1;7,4
1999/2000;  4;919245;9,1;9,3;9,4;8,6;9;8,8;8,7;9,2;9,1;9,3;8,8;9,6;9,3;9,3;9,3;9,5;9,2
1999/2000;  Primarbereich, ohne Angabe;6324;0,1;0,3;-;-;-;-;-;-;0,6;0;0;-;0,1;0,1;-;-;-
1999/2000;Sekundarbereich I;5251343;52,3;50,6;51,7;52,4;59,6;48,2;46,9;50;61,8;50,2;50,2;50,8;51,2;60,4;60;49,6;60
1999/2000;  5;927244;9,2;9,4;9,8;8,7;9,5;8,4;8,4;9,1;9,6;9;8,7;9,4;9,3;9,7;9,6;9,3;9,8
1999/2000;  6;929790;9,3;9,2;9,2;8,8;9,9;8,1;8,5;9;10,4;8,9;8,9;9,6;9,1;10,2;10,6;9,1;10,3
1999/2000;  Jahrgangsstufe 5 und 6 zusammen;1857034;18,5;18,6;19,1;17,5;19,4;16,5;16,9;18,1;20,1;17,9;17,6;19;18,4;19,9;20,2;18,4;20,1
1999/2000;  7;925504;9,2;9;9,5;9;10;8,2;8,2;8,9;10,8;8,7;8,7;9,3;10;10,3;10,1;9,1;10,4
1999/2000;  8;903602;9;8,8;8,9;8,9;10,3;8,1;8;8,5;11,2;8,7;8,4;8,8;9;10,5;10,7;8,5;10,5
1999/2000;  9;874013;8,7;8,4;8,9;8,7;10,3;7,7;7,6;8,2;10,7;8,1;8,1;8,3;8,4;10,5;10,2;8,1;10,6
1999/2000;  10;684080;6,8;5,6;5,3;8,1;9,6;7,6;6,3;6,2;8,9;6,7;7,4;5,4;5,4;8,9;8,8;5,5;8,5
1999/2000;  Sekundarbereich I, ohne Angabe;7110;0,1;0,3;0;0,2;-;0,1;-;-;0,1;0,1;0;-;-;0,2;0;-;-
1999/2000;Sekundarbereich II;735931;7,3;6,4;5,9;10,3;10;10,1;9,9;8,1;5,6;6,6;8,3;7,1;7,2;6,7;6,1;6,5;7
1999/2000;  11;274554;2,7;2,2;2,1;3,7;3,6;3,6;3,7;2,9;2,7;2,4;2,9;2,5;2,5;3,4;3;2,3;3,3
1999/2000;  12;261430;2,6;2,1;1,9;3,5;3,3;3,4;3,2;2,7;2,9;2,2;2,8;2,3;2,6;3,3;3,1;2,2;3,6
1999/2000;  13;199856;2;2;1,9;3,1;3,1;3,1;3;2,5;0;2;2,5;2,2;2,2;0;0;2;0
1999/2000;  Sekundarbereich II, ohne Angabe;91;0;-;-;-;-;0;0;-;-;-;-;-;-;-;-;-;-
1999/2000;Eingangsphase E;-;-;-;-;-;-;-;-;-;-;-;-;-;-;-;-;-;-
1999/2000;Qualifizierungsstufe Q1;-;-;-;-;-;-;-;-;-;-;-;-;-;-;-;-;-;-
1999/2000;Qualifizierungsstufe Q2;-;-;-;-;-;-;-;-;-;-;-;-;-;-;-;-;-;-
1999/2000;Förderschule;415425;4,1;4;4,4;3,4;4,6;3,6;4,3;3,2;6;3,7;4;3,3;2,8;4,9;6,2;3,7;6,1
1999/2000;Abendschule/Kolleg;45907;0,5;0,3;0,2;1;0,4;1,9;0,6;0,6;0,2;0,1;0,9;0,1;0,3;0,3;0,3;0,4;0,1
1999/2000;Insgesamt;10048773;100;100;100;100;100;100;100;100;100;100;100;100;100;100;100;100;100
2000/2001;Vorschulbereich;64704;0,6;0,7;-;2,6;-;1,1;3,4;1;0,1;1,3;0,6;0,3;0,4;0,2;0,1;0,5;0,1
2000/2001;Primarbereich;3394646;34,1;37,2;37,2;28,6;21,8;34,3;34,4;36,4;22,5;37,3;35,4;37,6;37,2;24;23,9;38,3;23,3
2000/2001;  1;801461;8;8,8;9;6,6;4,4;8,1;8,3;8,8;4,2;9,1;8,6;9,1;8,8;4,8;5;9,2;4,9
2000/2001;  2;830025;8,3;9,3;9,2;7;4,6;8,6;8,4;9,1;4,5;9,4;8,8;9,3;9,1;5;5,2;9,7;5,1
2000/2001;  3;852148;8,6;9,4;9,4;7,1;5,2;8,7;8,9;9,2;5,2;9,3;9;9,5;9,3;5,9;5,7;9,8;5,5
2000/2001;  4;904557;9,1;9,5;9,6;8;7,6;9;8,8;9,4;7,8;9,5;9;9,7;9,8;8,2;8;9,7;7,9
2000/2001;  Primarbereich, ohne Angabe;6455;0,1;0,2;-;-;-;-;-;-;0,8;0;0;-;0,1;0,1;-;-;-
2000/2001;Sekundarbereich I;5311654;53,3;51,5;52,5;53,6;62,4;49;47,7;50,7;65,3;51;50,9;51,7;52,1;63,5;62,9;50,7;63
2000/2001;  5;927795;9,3;9,4;10;8,8;9,6;8,4;8,6;9,2;9,8;9,1;8,8;9,4;9,3;10;9,9;9,4;10
2000/2001;  6;928976;9,3;9,4;9,2;8,9;10,1;8,4;8,6;9,1;10,8;8,8;8,9;9,7;9,2;10,4;10,8;9,3;10,5
2000/2001;  Jahrgangsstufe 5 und 6 zusammen;1856771;18,6;18,7;19,2;17,7;19,7;16,8;17,2;18,2;20,5;17,9;17,7;19,1;18,6;20,4;20,7;18,7;20,5
2000/2001;  7;948382;9,5;9,3;9,6;9,3;10,6;8,5;8,5;9,1;11,4;9,1;9;9,6;9,7;10,9;11;9,5;10,9
2000/2001;  8;927181;9,3;9;9,3;9,2;10,8;8,3;8,2;8,8;11,7;9;8,7;9,1;9,7;11,2;10,7;8,9;11,2
2000/2001;  9;882971;8,9;8,5;8,8;8,9;11,1;8;7,8;8,3;11,9;8,3;8,1;8,5;8,8;11,2;11,1;8,2;11
2000/2001;  10;689281;6,9;5,6;5,5;8,3;10,3;7,3;6,1;6,3;9,7;6,7;7,3;5,4;5,4;9,6;9,5;5,5;9,3
2000/2001;  Sekundarbereich I, ohne Angabe;7068;0,1;0,3;0;0,2;-;0,1;-;-;0,1;0,1;0;-;-;0,2;0;-;-
2000/2001;Sekundarbereich II;723018;7,3;6,3;5,8;10,6;10,6;10,3;9,7;7,9;5,7;6,5;8,1;7;7,1;6,9;6,2;6,3;7
2000/2001;  11;266144;2,7;2,2;2;3,7;3,7;3,8;3,6;2,8;2,7;2,3;2,9;2,5;2,4;3,3;3,1;2,2;3,3
2000/2001;  12;256416;2,6;2,1;2;3,5;3,5;3,5;3,2;2,6;2,9;2,2;2,7;2,3;2,4;3,5;3,1;2,2;3,6
2000/2001;  13;200434;2;2;1,8;3,4;3,4;3;2,9;2,5;0,1;2;2,6;2,2;2,3;0;0;1,9;0
2000/2001;  Sekundarbereich II, ohne Angabe;24;0;-;-;-;-;0;-;-;-;-;-;-;-;-;-;-;-
2000/2001;Eingangsphase E;-;-;-;-;-;-;-;-;-;-;-;-;-;-;-;-;-;-
2000/2001;Qualifizierungsstufe Q1;-;-;-;-;-;-;-;-;-;-;-;-;-;-;-;-;-;-
2000/2001;Qualifizierungsstufe Q2;-;-;-;-;-;-;-;-;-;-;-;-;-;-;-;-;-;-
2000/2001;Förderschule;420427;4,2;4;4,4;3,5;4,7;3,6;4,2;3,3;6,3;3,8;4,1;3,4;2,9;5;6,5;3,8;6,5
2000/2001;Abendschule/Kolleg;46332;0,5;0,3;0,2;1,1;0,5;1,6;0,6;0,6;0,2;0,1;0,9;0,1;0,4;0,4;0,2;0,3;0,1
2000/2001;Insgesamt;9960781;100;100;100;100;100;100;100;100;100;100;100;100;100;100;100;100;100
2001/2002;Vorschulbereich;62829;0,6;0,6;-;2,7;-;1;3,5;1;0,1;1,2;0,6;0,3;0,4;0,2;0,1;0,4;-
2001/2002;Primarbereich;3251196;32,9;35,9;36,1;27,7;19,9;33,5;33,5;35,5;19,6;36,2;34,3;36,3;35,8;22;21,2;37,1;21,4
2001/2002;  1;776545;7,9;8,5;8,7;6,6;4,9;8,2;8,2;8,6;4,5;8,7;8,2;8,6;8,4;5,1;5;8,8;5,1
2001/2002;  2;806276;8,2;8,9;9;6,9;4,7;8,1;8,1;8,8;4,6;9,2;8,6;9;8,7;5,1;5,2;9,4;5,2
2001/2002;  3;820311;8,3;9,2;9,2;7;4,8;8,5;8,3;8,9;4,8;9;8,7;9,2;9,1;5,5;5,1;9,4;5,2
2001/2002;  4;842984;8,5;9,2;9,3;7,2;5,6;8,6;8,8;9,1;5,5;9,3;8,8;9,4;9,4;6,1;5,9;9,4;5,9
2001/2002;  Primarbereich, ohne Angabe;5080;0,1;0,2;-;-;-;-;-;-;0,2;0;0;-;0,2;0,1;-;-;-
2001/2002;Sekundarbereich I;5353680;54,2;52,7;53,6;54;63,3;50,2;48,6;51,7;65,2;52,1;51,9;52,8;53,2;65,3;62,3;52,2;64,3
2001/2002;  5;913903;9,3;9,6;10,3;8,2;8,2;8,6;8,7;9,3;8,3;9,3;9;9,6;9,7;8,9;8,5;9,6;8,7
2001/2002;  6;927526;9,4;9,3;9,4;9;10,3;8,3;8,6;9,2;10,7;8,9;9;9,7;9,3;10,8;10,6;9,4;10,9
2001/2002;  Jahrgangsstufe 5 und 6 zusammen;1841429;18,7;18,9;19,7;17,2;18,5;16,9;17,4;18,5;19;18,1;18;19,3;19;19,7;19,1;19,1;19,6
2001/2002;  7;949088;9,6;9,5;9,6;9,4;10,8;8,9;8,6;9,3;11,4;9;9,1;9,8;9,7;11,2;11;9,7;11,2
2001/2002;  8;952215;9,6;9,4;9,5;9,5;11,4;8,6;8,5;9,1;12,2;9,4;9;9,5;9,7;11,9;11,2;9,4;11,9
2001/2002;  9;908238;9,2;8,8;9,1;9,2;11,6;8,2;7,9;8,5;12,2;8,6;8,6;8,8;9,3;12;10,9;8,5;11,9
2001/2002;  10;695782;7;5,7;5,6;8,5;11;7,6;6,3;6,3;10,4;6,9;7,3;5,5;5,5;10,3;10,1;5,6;9,7
2001/2002;  Sekundarbereich I, ohne Angabe;6928;0,1;0,3;0;0,2;-;-;-;-;0;0,1;0;-;-;0,2;-;-;-
2001/2002;Sekundarbereich II;728932;7,4;6,3;5,7;10,8;11,4;10,2;9,6;7,7;8,4;6,5;8;7,1;7,1;6,8;9,5;6,2;7,3
2001/2002;  11;266103;2,7;2,1;2;3,9;4,1;3,6;3,5;2,8;2,8;2,3;2,9;2,6;2,5;3,4;3,3;2,2;3,8
2001/2002;  12;250525;2,5;2,1;1,9;3,6;3,7;3,5;3,1;2,5;2,9;2,2;2,7;2,3;2,5;3,4;3,2;2,1;3,5
2001/2002;  13;212304;2,2;2;1,9;3,4;3,6;3,1;2,9;2,4;2,8;2;2,4;2,2;2,1;0;3,1;1,9;0,1
2001/2002;  Sekundarbereich II, ohne Angabe;-;-;-;-;-;-;-;-;-;-;-;-;-;-;-;-;-;-
2001/2002;Eingangsphase E;-;-;-;-;-;-;-;-;-;-;-;-;-;-;-;-;-;-
2001/2002;Qualifizierungsstufe Q1;-;-;-;-;-;-;-;-;-;-;-;-;-;-;-;-;-;-
2001/2002;Qualifizierungsstufe Q2;-;-;-;-;-;-;-;-;-;-;-;-;-;-;-;-;-;-
2001/2002;Förderschule;425483;4,3;4,1;4,4;3,6;4,9;3,5;4,2;3,5;6,4;3,9;4,3;3,5;3,1;5,2;6,6;3,7;6,8
2001/2002;Abendschule/Kolleg;48325;0,5;0,3;0,2;1,2;0,4;1,7;0,6;0,7;0,2;0,1;0,9;0,1;0,4;0,4;0,3;0,4;0,1
2001/2002;Insgesamt;9870445;100;100;100;100;100;100;100;100;100;100;100;100;100;100;100;100;100
2002/2003;Vorschulbereich;54787;0,6;0,6;-;2,7;-;0,9;3,7;1;0,2;0,5;0,5;0,3;0,4;0,3;0,1;0,4;-
2002/2003;Primarbereich;3184000;32,6;35,1;35,3;27,8;20,9;33;32,7;34,9;20,3;35,7;33,4;35,3;34,9;22,8;21,6;36,2;22,2
2002/2003;  1;791657;8,1;8,6;8,7;7;5,7;8,3;8,3;8,7;5,3;8,9;8,3;8,6;8,7;6;5,6;8,9;5,8
2002/2003;  2;781179;8;8,5;8,7;6,9;5,2;8,2;8;8,6;4,9;8,8;8,2;8,6;8,4;5,5;5,3;9,1;5,5
2002/2003;  3;796550;8,1;8,8;8,9;6,9;4,9;8,1;8,1;8,7;4,7;8,9;8,4;9;8,7;5,6;5,3;9,2;5,3
2002/2003;  4;809546;8,3;8,9;9,1;7;5,1;8,5;8,2;8,8;5,1;9,1;8,5;9,1;9;5,6;5,4;9,1;5,6
2002/2003;  Primarbereich, ohne Angabe;5068;0,1;0,3;-;-;-;-;-;-;0,2;0;0;-;0;0,1;-;-;-
2002/2003;Sekundarbereich I;5326719;54,5;53,4;54,4;53,2;61,3;51;49,1;52,2;63,4;53,1;52,6;53,6;53,8;63,8;60,9;53,3;62,6
2002/2003;  5;851474;8,7;9,3;10;7,3;6,1;8,3;8,6;9;6;9,1;8,7;9,3;9,4;6,6;6,4;9,3;6,4
2002/2003;  6;910510;9,3;9,4;9,6;8,4;8,8;8,5;8,7;9,3;9,2;9,2;9,2;9,9;9,5;9,6;9,3;9,7;9,4
2002/2003;  Jahrgangsstufe 5 und 6 zusammen;1761984;18;18,7;19,7;15,7;14,9;16,8;17,3;18,3;15,2;18,3;17,9;19,2;18,9;16,2;15,7;19;15,8
2002/2003;  7;946951;9,7;9,5;9,8;9,4;11,1;8,6;8,6;9,3;11,7;9,1;9,1;9,8;9,7;11,6;11,4;9,8;11,6
2002/2003;  8;953482;9,7;9,6;9,6;9,4;11,6;9,1;8,6;9,2;12,4;9,4;9,1;9,7;9,7;12,2;11,4;9,7;12,2
2002/2003;  9;934397;9,6;9,2;9,4;9,7;12,1;8,5;8,3;8,9;13;9,1;8,9;9,1;9,3;12,6;11,5;9;12,7
2002/2003;  10;723026;7,4;6;6;8,8;11,6;7,9;6,3;6,5;11,2;7,2;7,7;5,8;6,1;11;11;5,9;10,4
2002/2003;  Sekundarbereich I, ohne Angabe;6879;0,1;0,3;0;0,2;-;0,1;-;-;0;0,1;0;-;-;0,2;-;-;-
2002/2003;Sekundarbereich II;733321;7,5;6,3;5,7;11,2;12,4;10,1;9,7;7,7;9,2;6,6;8;7,2;7,3;7,1;10,3;6,3;8
2002/2003;  11;270755;2,8;2,2;2;4;4,4;3,6;3,7;2,7;3,1;2,4;2,9;2,6;2,7;3,7;3,6;2,3;4
2002/2003;  12;251322;2,6;2;1,9;3,8;4,1;3,3;3,1;2,5;3,1;2,2;2,7;2,4;2,5;3,5;3,4;2,1;3,9
2002/2003;  13;211192;2,2;2;1,8;3,4;3,8;3,2;2,9;2,4;2,9;2;2,4;2,2;2,2;0;3,3;1,9;0,1
2002/2003;  Sekundarbereich II, ohne Angabe;52;0;-;-;-;-;0,1;-;-;-;-;-;-;-;-;-;-;-
2002/2003;Eingangsphase E;-;-;-;-;-;-;-;-;-;-;-;-;-;-;-;-;-;-
2002/2003;Qualifizierungsstufe Q1;-;-;-;-;-;-;-;-;-;-;-;-;-;-;-;-;-;-
2002/2003;Qualifizierungsstufe Q2;-;-;-;-;-;-;-;-;-;-;-;-;-;-;-;-;-;-
2002/2003;Förderschule;429275;4,4;4,2;4,4;3,7;4,9;3,3;4,2;3,6;6,7;4;4,4;3,5;3,2;5,4;6,9;3,7;7,1
2002/2003;Abendschule/Kolleg;52175;0,5;0,4;0,2;1,3;0,5;1,7;0,6;0,7;0,2;0,2;1;0,1;0,4;0,5;0,3;0,2;0,1
2002/2003;Insgesamt;9780277;100;100;100;100;100;100;100;100;100;100;100;100;100;100;100;100;100
2003/2004;Vorschulbereich;53970;0,6;0,6;-;2,8;-;0,7;3,7;1;0,2;0,5;0,5;0,3;0,4;0,4;0,2;0,3;-
2003/2004;Primarbereich;3187281;32,8;34,8;35;28,4;23,2;33,1;32,6;34,8;22,4;35,4;33,1;35;34,7;25,1;23,4;35,9;24,7
2003/2004;  1;828570;8,5;8,9;8,9;7,3;6,7;8,5;8,6;9,1;6,3;9,1;8,6;9,1;8,9;7;6,5;9,2;7,1
2003/2004;  2;794546;8,2;8,6;8,6;7,3;5,9;8,3;8,1;8,7;5,7;8,9;8,2;8,6;8,4;6,3;5,9;9;6,5
2003/2004;  3;772561;7,9;8,4;8,7;7;5,4;8,2;7,9;8,5;5;8,5;8,1;8,5;8,2;6;5,4;8,7;5,5
2003/2004;  4;785857;8,1;8,6;8,8;6,8;5,2;8,1;8;8,6;5;8,8;8,2;8,8;8,8;5,7;5,5;8,9;5,6
2003/2004;  Primarbereich, ohne Angabe;5747;0,1;0,3;-;-;-;-;-;-;0,3;0;0;-;0,3;0,1;0;-;0
2003/2004;Sekundarbereich I;5246218;53,9;53,5;54,7;52;57,9;50,9;48,9;52;60;53,1;52,6;53,6;53,5;60,5;58,1;53,6;59,4
2003/2004;  5;818226;8,4;9;9,8;7,1;5,5;8,1;8;8,8;5,6;8,8;8,4;9;9,1;6;5,9;8,9;6
2003/2004;  6;847964;8,7;9,1;9,4;7,5;6,4;8,1;8,6;8,9;6,5;8,9;8,9;9,6;9,3;7,1;6,9;9,3;6,9
2003/2004;  Jahrgangsstufe 5 und 6 zusammen;1666190;17,1;18,1;19,2;14,6;11,9;16,2;16,6;17,7;12,1;17,7;17,3;18,5;18,4;13,1;12,8;18,2;13
2003/2004;  7;931352;9,6;9,7;9,9;8,7;9,6;8,8;8,6;9,4;10,1;9,4;9,2;10;9,7;10,2;10,1;10;10
2003/2004;  8;950369;9,8;9,6;9,7;9,4;11,9;8,9;8,5;9,3;12,6;9,4;9;9,6;9,8;12,5;11,9;9,7;12,5
2003/2004;  9;940584;9,7;9,5;9,6;9,5;12,2;8,9;8,3;9;13,3;9;9;9,4;9,5;12,9;11,6;9,3;12,9
2003/2004;  10;750929;7,7;6,3;6,3;9,5;12,4;8;6,7;6,6;11,9;7,5;8;6,1;6;11,5;11,7;6,2;11,1
2003/2004;  Sekundarbereich I, ohne Angabe;6794;0,1;0,3;0;0,2;-;0,1;-;-;0;0,1;0;-;-;0,3;0;-;-
2003/2004;Sekundarbereich II;753521;7,7;6,4;5,8;11,6;13,4;10,3;9,9;7,8;10,2;6,8;8,3;7,4;7,5;7,7;11;6,5;8,5
2003/2004;  11;284131;2,9;2,4;2,1;4,1;4,9;3,8;3,9;2,9;3,5;2,5;3,1;2,8;2,9;4;3,7;2,4;4,3
2003/2004;  12;256201;2,6;2,1;1,9;3,9;4,2;3,4;3,2;2,5;3,5;2,3;2,7;2,4;2,5;3,7;3,7;2,2;4,1
2003/2004;  13;213139;2,2;1,9;1,8;3,6;4,3;3;2,8;2,4;3,2;2;2,5;2,2;2,1;0;3,5;1,9;0,1
2003/2004;  Sekundarbereich II, ohne Angabe;50;0;-;-;-;-;0,1;-;-;-;-;-;-;-;-;-;-;-
2003/2004;Eingangsphase E;-;-;-;-;-;-;-;-;-;-;-;-;-;-;-;-;-;-
2003/2004;Qualifizierungsstufe Q1;-;-;-;-;-;-;-;-;-;-;-;-;-;-;-;-;-;-
2003/2004;Qualifizierungsstufe Q2;-;-;-;-;-;-;-;-;-;-;-;-;-;-;-;-;-;-
2003/2004;Förderschule;429325;4,4;4,2;4,3;3,8;5,1;3,3;4,1;3,7;7;4;4,5;3,6;3,4;5,7;7;3,6;7,2
2003/2004;Abendschule/Kolleg;56719;0,6;0,4;0,2;1,4;0,6;1,6;0,7;0,8;0,2;0,2;1,1;0,1;0,5;0,6;0,3;0,1;0,1
2003/2004;Insgesamt;9727034;100;100;100;100;100;100;100;100;100;100;100;100;100;100;100;100;100
2004/2005;Vorschulbereich;48006;0,5;0,6;-;2,7;-;0,5;3,7;0,9;0,2;0,5;0,3;0,2;0,4;-;0,2;0,3;-
2004/2005;Primarbereich;3189126;33,1;34,7;34,8;29,5;26,1;33,3;32,6;34,7;25,3;35,2;32,9;34,8;34,2;28,6;25,9;35,6;28,2
2004/2005;  1;808525;8,4;8,7;8,7;7,7;7,2;8,4;8,3;8,7;7,3;8,9;8,2;8,8;8,2;8,2;7,1;8,9;8
2004/2005;  2;831923;8,6;9;8,9;7,6;7;8,4;8,4;9,1;6,8;9,2;8,6;9;8,9;7,4;6,9;9,4;8
2004/2005;  3;786196;8,2;8,6;8,6;7,5;6,2;8,3;8,1;8,6;5,9;8,7;8,1;8,6;8,4;6,8;6,2;8,8;6,4
2004/2005;  4;761096;7,9;8,3;8,6;6,8;5,7;8,2;7,8;8,4;5,3;8,5;7,9;8,4;8,3;6;5,7;8,5;5,8
2004/2005;  Primarbereich, ohne Angabe;1386;0;-;-;-;-;-;-;-;-;0;0;-;0,3;0,2;-;-;0
2004/2005;Sekundarbereich I;5116679;53,2;53,2;54,7;50,2;53,8;50,5;48,3;51,8;55,7;52,9;52,4;53,3;53,4;56,4;54,7;53,7;55,3
2004/2005;  5;796205;8,3;8,8;9,6;6,9;5,5;7,8;7,9;8,6;5,4;8,7;8,2;8,8;8,9;6,1;6;8,8;6
2004/2005;  6;811931;8,4;8,8;9,2;7,4;5,8;7,9;8;8,7;6,1;8,7;8,6;9,3;9,1;6,4;6,4;9;6,4
2004/2005;  Jahrgangsstufe 5 und 6 zusammen;1608136;16,7;17,6;18,8;14,3;11,4;15,7;15,9;17,3;11,5;17,4;16,8;18,1;18;12,5;12,4;17,8;12,5
2004/2005;  7;868813;9;9,6;9,7;7,7;7,1;8,5;8,6;9,2;7,1;9,2;9;9,7;9,5;7,6;7,5;9,7;7,4
2004/2005;  8;935086;9,7;9,9;9,9;8,8;9,9;9,1;8,6;9,4;11,1;9,7;9,2;9,8;10;11;11;10,1;10,8
2004/2005;  9;942886;9,8;9,6;9,8;9,7;12,8;8,7;8,4;9,1;13,6;9;9,1;9,4;9,9;13,3;12,2;9,5;13,2
2004/2005;  10;759248;7,9;6,6;6,5;9,4;12,6;8,5;6,8;6,8;12,4;7,7;8,2;6,4;6,1;11,8;11,6;6,6;11,4
2004/2005;  Sekundarbereich I, ohne Angabe;2510;0;-;0;0,2;-;-;-;-;0;0;0;-;-;0,2;0;-;-
2004/2005;Sekundarbereich II;787032;8,2;6,8;6,1;12,3;14,2;10,6;10,5;8;11,3;7,2;8,7;7,9;7,9;8,3;11,8;6,9;9,2
2004/2005;  11;298907;3,1;2,5;2,2;4,5;5,3;3,8;4,2;3,1;3,7;2,7;3,3;3;2,8;4,3;4,1;2,5;4,7
2004/2005;  12;270389;2,8;2,3;2,1;4,1;4,7;3,6;3,4;2,6;4;2,4;2,9;2,6;2,8;4;3,8;2,4;4,4
2004/2005;  13;217736;2,3;2;1,8;3,8;4,3;3,2;2,9;2,3;3,5;2,1;2,5;2,3;2,3;0;3,9;2;0,1
2004/2005;  Sekundarbereich II, ohne Angabe;-;-;-;-;-;-;-;-;-;-;-;-;-;-;-;-;-;-
2004/2005;Eingangsphase E;-;-;-;-;-;-;-;-;-;-;-;-;-;-;-;-;-;-
2004/2005;Qualifizierungsstufe Q1;-;-;-;-;-;-;-;-;-;-;-;-;-;-;-;-;-;-
2004/2005;Qualifizierungsstufe Q2;-;-;-;-;-;-;-;-;-;-;-;-;-;-;-;-;-;-
2004/2005;Förderschule;423771;4,4;4,1;4,2;3,8;5,2;3,4;4,1;3,8;7,3;4;4,5;3,6;3,5;5,9;7,1;3,5;7,1
2004/2005;Abendschule/Kolleg;60240;0,6;0,5;0,2;1,4;0,7;1,7;0,7;0,8;0,3;0,2;1,2;0,1;0,5;0,7;0,4;0,1;0,2
2004/2005;Insgesamt;9624854;100;100;100;100;100;100;100;100;100;100;100;100;100;100;100;100;100
2005/2006;Vorschulbereich;30048;0,3;0,7;-;0;-;0,1;3,2;0,9;0,1;0,4;0,1;0,2;0,3;-;0,1;0,2;-
2005/2006;Primarbereich;3212096;33,8;34,9;34,8;33,4;29,9;33,4;32,8;34,6;28,8;35,1;33;34,8;34,1;32,2;29;35,7;31,8
2005/2006;  1;802838;8,4;8,6;8,6;10;8,9;8,1;8,2;8,5;8,1;8,5;8;8,4;8,1;8,7;7,7;8,8;8,3
2005/2006;  2;812429;8,5;8,8;8,7;8,1;7,5;8,5;8,2;8,7;7,5;8,9;8,3;8,8;8,2;8,5;7,8;9,1;9
2005/2006;  3;822942;8,7;9;8,9;8,1;7,2;8,5;8,4;9;7;9;8,5;9,1;9,1;8,1;7,1;9,2;7,7
2005/2006;  4;772980;8,1;8,5;8,6;7,2;6,4;8,3;8;8,5;6,2;8,7;8,1;8,5;8,7;6,8;6,4;8,6;6,7
2005/2006;  Primarbereich, ohne Angabe;907;0;-;-;-;-;-;-;-;-;0;0;-;0;0,1;-;-;0
2005/2006;Sekundarbereich I;4961342;52,2;52,5;54,4;48,5;48,9;50;47,8;51,3;51,1;52,7;51,9;52,9;53;51,9;51,1;53,3;51
2005/2006;  5;771540;8,1;8,5;9,4;7;6;7,9;7,8;8,4;5,8;8,5;8;8,5;8,5;6,4;6;8,4;6,3
2005/2006;  6;794123;8,4;8,8;9;7,3;5,8;7,7;7,8;8,6;5,9;8,8;8,4;9,1;8,8;6,5;6,5;8,8;6,4
2005/2006;  Jahrgangsstufe 5 und 6 zusammen;1565663;16,5;17,3;18,4;14,3;11,7;15,7;15,6;16,9;11,7;17,2;16,4;17,5;17,3;12,9;12,5;17,2;12,7
2005/2006;  7;823462;8,7;8,9;9,4;7,6;6,3;8;8,1;8,9;6,6;8,9;8,8;9,5;9,4;6,8;6,9;9,4;6,9
2005/2006;  8;873975;9,2;9,8;9,8;7,9;7,2;8,8;8,6;9,2;7,9;9,3;9,1;9,7;9,8;8,2;8,2;9,9;7,9
2005/2006;  9;930897;9,8;9,8;10,1;9,3;10,6;9,1;8,5;9,3;12,1;9,4;9,3;9,7;9,9;11,7;11,6;9,8;11,5
2005/2006;  10;765213;8,1;6,7;6,8;9,3;13,1;8,4;6,9;6,9;12,9;7,9;8,4;6,5;6,5;12;11,9;6,9;12
2005/2006;  Sekundarbereich I, ohne Angabe;2132;0;-;0;0,2;-;-;-;-;-;0;0;-;-;0,2;0;-;-
2005/2006;Sekundarbereich II;823044;8,7;7,3;6,5;12,7;15,2;11,3;11,3;8,5;12,3;7,5;9,3;8,4;8,5;9;12,1;7,4;9,8
2005/2006;  11;307415;3,2;2,6;2,3;4,5;5,4;4,3;4,4;3,2;3,9;2,7;3,5;3,2;3;4,6;3,9;2,7;4,9
2005/2006;  12;284803;3;2,4;2,2;4,3;5;3,7;3,7;2,8;4,3;2,6;3,1;2,8;2,8;4,4;4,1;2,5;4,8
2005/2006;  13;230826;2,4;2,2;2;3,9;4,7;3,4;3,1;2,5;4,1;2,2;2,7;2,4;2,6;0;4;2,1;0,1
2005/2006;  Sekundarbereich II, ohne Angabe;-;-;-;-;-;-;-;-;-;-;-;-;-;-;-;-;-;-
2005/2006;Eingangsphase E;-;-;-;-;-;-;-;-;-;-;-;-;-;-;-;-;-;-
2005/2006;Qualifizierungsstufe Q1;-;-;-;-;-;-;-;-;-;-;-;-;-;-;-;-;-;-
2005/2006;Qualifizierungsstufe Q2;-;-;-;-;-;-;-;-;-;-;-;-;-;-;-;-;-;-
2005/2006;Förderschule;416213;4,4;4,2;4,1;3,9;5,2;3,6;4,1;3,8;7,3;4;4,5;3,5;3,6;6,1;7,2;3,4;7,2
2005/2006;Abendschule/Kolleg;62498;0,7;0,5;0,2;1,4;0,8;1,6;0,9;0,9;0,3;0,2;1,2;0,2;0,5;0,9;0,4;0,1;0,2
2005/2006;Insgesamt;9505241;100;100;100;100;100;100;100;100;100;100;100;100;100;100;100;100;100
2006/2007;Vorschulbereich;29061;0,3;0,7;-;-;-;0;3,2;0,9;0,1;0,4;0,1;0,2;0,3;-;-;0,1;-
2006/2007;Primarbereich;3192623;34,1;34,9;34,7;34,4;33,3;33,2;32,5;34,4;32,4;34,9;32,7;34,6;33,6;35,9;32,4;35,6;35,2
2006/2007;  1;772967;8,3;8,5;8,5;7;8,9;8;8;8,2;9;8,4;7,7;8,3;8;9,5;8,7;8,6;8,9
2006/2007;  2;809875;8,7;8,7;8,6;11,1;9,2;8,2;8;8,5;8,2;8,6;8,3;8,5;8,1;9,1;8,6;9,1;9,4
2006/2007;  3;802152;8,6;8,8;8,7;8,6;7,7;8,6;8,2;8,6;7,8;8,9;8,2;8,9;8,4;9,2;7,7;8,9;8,8
2006/2007;  4;806879;8,6;8,9;8,9;7,7;7,6;8,5;8,3;9;7,5;9;8,5;9;9,1;8;7,4;9;8,1
2006/2007;  Primarbereich, ohne Angabe;750;0;-;-;-;-;-;-;-;-;0;0;-;0,1;0,1;-;-;0
2006/2007;Sekundarbereich I;4815430;51,5;52,3;54,1;47,5;44,4;49,7;47,4;51,2;46,4;52,7;51,7;52,6;52,7;47,6;46,9;52,9;47,2
2006/2007;  5;780654;8,3;8,7;9,3;7,3;6,8;8,1;8;8,5;6,6;8,7;8,1;8,5;8,7;7,2;6,8;8,6;7,2
2006/2007;  6;770126;8,2;8,6;8,9;7,5;6,3;8;7,7;8,4;6,2;8,5;8,2;8,8;8,7;6,8;6,5;8,5;6,7
2006/2007;  Jahrgangsstufe 5 und 6 zusammen;1550780;16,6;17,2;18,2;14,8;13;16;15,7;16,9;12,9;17,2;16,3;17,3;17,3;14;13,3;17,1;13,9
2006/2007;  7;802083;8,6;8,9;9,2;7,4;6,2;7,9;7,9;8,7;6,3;9;8,6;9,3;9,2;6,9;6,9;9,2;6,8
2006/2007;  8;830721;8,9;9,4;9,4;7,7;6,4;8,2;8,2;9,1;7,2;9;8,9;9,5;9,7;7,3;7,5;9,7;7,3
2006/2007;  9;874855;9,4;9,7;10,1;8,5;7,9;8,8;8,5;9,2;8,5;9,3;9,3;9,6;9,9;8,7;8,6;9,8;8,4
2006/2007;  10;755321;8,1;7;7,1;9;10,9;8,7;7,1;7,2;11,6;8,2;8,6;6,9;6,7;10,6;10,6;7,2;10,7
2006/2007;  Sekundarbereich I, ohne Angabe;1670;0;-;0;0,2;-;-;-;-;-;0;0;-;-;0,2;0;-;-
2006/2007;Sekundarbereich II;849541;9,1;7,5;6,9;12,9;16,3;11,8;12;8,9;13,2;7,9;9,8;8,9;9,2;9,5;12,9;7,9;10,3
2006/2007;  11;316243;3,4;2,6;2,4;4,6;6,1;4,4;4,6;3,4;4,5;2,9;3,6;3,3;3,4;4,8;4,9;2,9;5,2
2006/2007;  12;292536;3,1;2,6;2,3;4,4;5,2;4;4;2,9;4,4;2,6;3,3;3;3;4,6;3,7;2,7;5
2006/2007;  13;240762;2,6;2,3;2,1;4;5;3,4;3,4;2,6;4,4;2,4;2,8;2,6;2,7;0;4,3;2,4;0,1
2006/2007;  Sekundarbereich II, ohne Angabe;-;-;-;-;-;-;-;-;-;-;-;-;-;-;-;-;-;-
2006/2007;Eingangsphase E;-;-;-;-;-;-;-;-;-;-;-;-;-;-;-;-;-;-
2006/2007;Qualifizierungsstufe Q1;-;-;-;-;-;-;-;-;-;-;-;-;-;-;-;-;-;-
2006/2007;Qualifizierungsstufe Q2;-;-;-;-;-;-;-;-;-;-;-;-;-;-;-;-;-;-
2006/2007;Förderschule;408085;4,4;4,2;4,1;3,8;4,9;3,7;4;3,8;7,5;3,9;4,5;3,5;3,6;6,2;7,3;3,2;7,2
2006/2007;Abendschule/Kolleg;61117;0,7;0,5;0,2;1,4;1;1,6;0,8;0,8;0,4;0,2;1,2;0,1;0,5;0,9;0,5;0,1;0,2
2006/2007;Insgesamt;9355857;100;100;100;100;100;100;100;100;100;100;100;100;100;100;100;100;100
2007/2008;Vorschulbereich;28136;0,3;0,7;-;-;-;0;3,6;0,8;0,1;0,4;0,1;0,2;0,4;-;-;-;-
2007/2008;Primarbereich;3118902;34;34,3;34,3;34,5;35,3;32,7;31,9;33,6;34,9;34,2;32,3;33,9;32,7;38,5;36,1;35,5;37,2
2007/2008;  1;735997;8;8,2;8,2;1,6;8,8;7,8;8;8,1;9,7;8,1;7,9;8;7,6;10;9,1;8,6;9,5
2007/2008;  2;761352;8,3;8,6;8,6;1,8;9,2;8,1;7,8;8,3;8,8;8,6;8;8,4;8,1;9,8;10,1;9;9,9
2007/2008;  3;794994;8,7;8,8;8,7;11;9,4;8,2;8;8,6;8,3;8,6;8,1;8,6;8,4;9,7;8,6;8,9;8,8
2007/2008;  4;785575;8,6;8,7;8,7;8,1;8;8,6;8;8,7;8,1;8,9;8,2;8,9;8,5;9;8,2;9;9
2007/2008;  Primarbereich, ohne Angabe;40984;0,4;-;-;12,1;-;-;-;-;-;0;0;-;0,1;0,1;-;-;0
2007/2008;Sekundarbereich I;4718090;51,4;52,3;54,1;47,3;42,8;49,3;47,1;51,6;43,8;53,1;51,6;52,8;53,2;45,4;46,4;52,8;45,5
2007/2008;  5;813173;8,9;9,1;9,6;7,8;7,9;8,3;8,2;9;7,9;9,1;8,5;9,1;9,3;8,4;7,9;9,1;8,5
2007/2008;  6;780618;8,5;8,8;8,9;7,9;7;8,2;8;8,7;7;8,9;8,4;8,9;9;7,6;7,5;8,8;7,5
2007/2008;  Jahrgangsstufe 5 und 6 zusammen;1593791;17,4;18;18,6;15,7;14,9;16,4;16,2;17,6;14,9;17,9;16,9;18;18,2;15,9;15,4;17,9;15,9
2007/2008;  7;776348;8,5;8,7;9,1;7,4;6,7;8;7,7;8,6;6,6;8,8;8,4;9;9,1;7;7,1;8,9;7
2007/2008;  8;804497;8,8;9,1;9,4;7,5;6,3;8,1;7,9;9;6,8;9,1;8,8;9,4;9,5;7,2;7,7;9,6;7,1
2007/2008;  9;832099;9,1;9,6;9,6;8,2;7;8,3;8,1;9,1;7,5;9;9,1;9,5;9,7;7,5;8,2;9,8;7,6
2007/2008;  10;709994;7,7;6,9;7,4;8,3;7,9;8,5;7,1;7,2;8;8,3;8,6;7;6,7;7,7;8;6,7;7,9
2007/2008;  Sekundarbereich I, ohne Angabe;1361;0;-;0;0,2;-;-;-;-;-;0;0;-;-;0,1;0;-;-
2007/2008;Sekundarbereich II;858879;9,4;8;7,3;13;16;12,7;12,7;9,4;13;8,3;10,2;9,5;9,5;9;9,2;8,5;10
2007/2008;  11;312775;3,4;2,8;2,6;4,3;5;4,8;4,9;3,5;4,6;3,1;3,7;3,6;0,7;4,2;4,2;3,1;4,8
2007/2008;  12;306333;3,3;2,7;2,5;4,6;5,9;4,2;4,2;3,1;4,1;2,9;3,5;3,1;6;4,7;4,9;2,9;5,1
2007/2008;  13;239771;2,6;2,5;2,2;4,1;5,2;3,7;3,6;2,8;4,4;2,3;3;2,8;2,8;0;0,1;2,5;0,1
2007/2008;  Sekundarbereich II, ohne Angabe;-;-;-;-;-;-;-;-;-;-;-;-;-;-;-;-;-;-
2007/2008;Eingangsphase E;-;-;-;-;-;-;-;-;-;-;-;-;-;-;-;-;-;-
2007/2008;Qualifizierungsstufe Q1;-;-;-;-;-;-;-;-;-;-;-;-;-;-;-;-;-;-
2007/2008;Qualifizierungsstufe Q2;-;-;-;-;-;-;-;-;-;-;-;-;-;-;-;-;-;-
2007/2008;Förderschule;400399;4,4;4,2;4,1;3,8;4,7;3,8;4;3,8;7,7;3,9;4,6;3,5;3,6;6,2;7,8;3;7
2007/2008;Abendschule/Kolleg;59405;0,6;0,5;0,2;1,4;1,1;1,5;0,8;0,7;0,4;0,2;1,2;0,1;0,6;0,9;0,5;0,1;0,2
2007/2008;Insgesamt;9183811;100;100;100;100;100;100;100;100;100;100;100;100;100;100;100;100;100
2008/2009;Vorschulbereich;28077;0,3;0,7;-;-;-;0,1;3,6;0,9;0,1;0,3;0,1;0,2;0,4;-;-;-;-
2008/2009;Primarbereich;3033343;33,6;33,7;33,7;34,3;36,5;31,8;31,7;33,1;37,5;33,4;31,8;33,5;32,3;39,6;37,8;34,8;38,2
2008/2009;  1;716768;7,9;7,8;7,9;6,7;8,9;7,4;7,9;7,9;10,2;7,9;7,5;8,3;7,7;10;9,3;8,1;9,5
2008/2009;  2;762665;8,5;8,4;8,3;7,6;9;8;8,1;8,2;9,7;8,3;8,2;8,1;7,7;10,1;10,3;9;10,5
2008/2009;  3;776991;8,6;8,7;8,7;10,4;9,1;8,2;7,8;8,4;9;8,6;8;8,4;8,3;10,2;9,4;8,8;9,2
2008/2009;  4;776131;8,6;8,7;8,8;9,7;9,5;8,3;7,9;8,6;8,7;8,6;8,1;8,6;8,4;9,2;8,8;8,9;9
2008/2009;  Primarbereich, ohne Angabe;788;0;-;-;-;-;-;-;-;-;0;0;-;0,1;0,1;-;-;0
2008/2009;Sekundarbereich I;4566884;50,6;52,6;51,6;47,8;43,8;49,7;44,2;51,6;42,9;50,7;51,7;52,9;50,3;44;44,2;53,2;44,1
2008/2009;  5;793231;8,8;9;9,5;8,1;8,2;8,3;8,1;8,7;8,7;9;8,3;8,9;8,8;9,1;8,4;9;9,3
2008/2009;  6;813549;9;9,3;9,3;8,5;8;8,4;8,3;9,1;8,4;9,3;8,8;9,4;9,5;8,6;8,3;9,3;8,7
2008/2009;  Jahrgangsstufe 5 und 6 zusammen;1606780;17,8;18,3;18,8;16,6;16,2;16,7;16,4;17,8;17,1;18,3;17,1;18,3;18,3;17,7;16,7;18,3;17,9
2008/2009;  7;785332;8,7;9;9,2;7,8;7,3;8,3;8;8,8;7,4;9,1;8,5;9,1;9,4;7,7;7,8;9,2;7,7
2008/2009;  8;781082;8,7;9;9,3;7,6;7;8,2;7,8;8,8;7,2;9;8,5;9,1;9,3;7,2;7,7;9,3;7,2
2008/2009;  9;806173;8,9;9,3;9,7;8;6,5;8,4;8;9;7,3;9;9;9,3;9,6;7,3;7,8;9,7;7,2
2008/2009;  10;586608;6,5;7;4,5;7,9;6,7;8,1;3,9;7,3;3,9;5,2;8,5;7,1;3,7;4,1;4,2;6,8;4
2008/2009;  Sekundarbereich I, ohne Angabe;909;0;-;0;-;-;-;-;-;-;0;0;0;0;0,1;0;-;-
2008/2009;Sekundarbereich II;712408;7,9;8,3;7,8;12,5;14;13,1;9,5;9,8;0,8;1,4;10,7;9,9;4;0,1;0,2;9;0,4
2008/2009;  11;245300;2,7;2,8;2,7;3,9;3,6;4,9;1,1;3,6;0,4;0,6;3,9;3,6;0,4;0;0;3,2;0,1
2008/2009;  12;244481;2,7;2,9;2,7;4,4;4,7;4,5;4,5;3,3;0,2;0,5;3,6;3,3;0,4;0;0,1;3,1;0,2
2008/2009;  13;222627;2,5;2,6;2,4;4,2;5,7;3,7;3,9;2,9;0,2;0,3;3,2;2,9;3,1;0;0,1;2,7;0,1
2008/2009;  Sekundarbereich II, ohne Angabe;-;-;-;-;-;-;-;-;-;-;-;-;-;-;-;-;-;-
2008/2009;Eingangsphase E;117948;1,3;-;2,5;0,3;-;-;3,3;-;2,8;5,2;-;-;3,4;2,5;2,7;0;2,9
2008/2009;Qualifizierungsstufe Q1;56773;0,6;-;-;-;-;-;3,1;-;3,2;2,7;-;-;2,8;2,6;2,9;0;3,3
2008/2009;Qualifizierungsstufe Q2;56557;0,6;-;-;-;-;-;-;-;4,2;2,2;-;-;2,6;4,2;3,9;0;4,4
2008/2009;Förderschule;393491;4,4;4,2;4,1;3,8;4,6;3,9;3,9;3,8;8,1;3,9;4,6;3,4;3,7;6,2;7,8;2,8;6,6
2008/2009;Abendschule/Kolleg;58091;0,6;0,5;0,2;1,4;1,1;1,4;0,8;0,7;0,4;0,2;1,2;0,1;0,5;0,9;0,5;0,1;0,2
2008/2009;Insgesamt;9023572;100;100;100;100;100;100;100;100;100;100;100;100;100;100;100;100;100
2009/2010;Vorschulbereich;27863;0,3;0,7;-;-;-;0;3,8;0,9;-;0,3;0,1;0,2;0,5;-;-;-;-
2009/2010;Primarbereich;2952693;33,2;33;33,1;32,6;36;31,3;31,2;32,6;38;32,7;31,5;33;32,8;39,9;38,2;34,3;38,8
2009/2010;  1;707635;7,9;7,8;7,8;6,5;9,2;7,5;7,7;7,9;10,1;7,7;7,8;7,7;7,9;10;9,1;8;9,5
2009/2010;  2;729406;8,2;8;8;7,4;8,9;7,6;7,8;8,1;9,6;8,1;7,8;8,5;8,1;9,9;10,3;8,7;10,5
2009/2010;  3;758920;8,5;8,6;8,4;10,8;8,7;8;8;8,2;9,3;8,3;8,1;8,3;8,1;10,3;9,5;8,7;9,5
2009/2010;  4;755920;8,5;8,6;8,8;7,9;9,2;8,2;7,7;8,4;9;8,6;7,9;8,5;8,6;9,6;9,3;8,9;9,3
2009/2010;  Primarbereich, ohne Angabe;-;-;-;-;-;-;-;-;-;-;-;-;-;-;-;-;-;-
2009/2010;Sekundarbereich I;4486838;50,4;50,3;51,8;47,2;44,5;47,2;44;51,5;44,2;50,9;51,3;53,1;51,6;45,6;45,4;53,6;45,8
2009/2010;  5;784453;8,8;9;9,5;9,6;9,6;8,2;8;8,6;8,8;8,8;8,2;8,7;8,9;9,3;8,7;9;9,1
2009/2010;  6;795358;8,9;9,2;9,2;8,8;8,2;8,5;8,1;8,8;8,8;9,2;8,5;9,3;9,3;9,2;8,6;9,2;9,3
2009/2010;  Jahrgangsstufe 5 und 6 zusammen;1579811;17,7;18,2;18,7;18,4;17,9;16,6;16,1;17,4;17,6;17,9;16,7;18;18,1;18,4;17,3;18,3;18,5
2009/2010;  7;817527;9,2;9,5;9,6;8,1;8,2;8,5;8,3;9,3;8,3;9,5;9;9,6;10,1;8,5;8,4;9,6;8,8
2009/2010;  8;788712;8,9;9,3;9,3;7,8;7,6;8,5;8,1;9;7,8;9,2;8,6;9,2;9,7;7,7;8,1;9,5;7,8
2009/2010;  9;783273;8,8;9,2;9,6;8;7,1;8,4;7,8;8,8;7,4;9;8,6;9,1;9,7;7,1;7,7;9,4;7,2
2009/2010;  10;516753;5,8;4;4,6;4,9;3,7;5,2;3,8;7;3,2;5,2;8,4;7,2;3,8;3,8;3,8;6,8;3,6
2009/2010;  Sekundarbereich I, ohne Angabe;-;-;-;-;-;-;-;-;-;-;-;-;-;-;-;-;-;-
2009/2010;Sekundarbereich II;669318;7,5;8,6;5,3;11,8;11,2;13,6;6,6;10,4;0,7;0,9;11,2;10,3;1,3;0,1;0,2;9,3;0,4
2009/2010;  11;208076;2,3;2,7;0;3,9;3,3;4,6;1,3;3,9;0,3;0,4;4,1;3,7;0,5;0;0,1;3,3;0,2
2009/2010;  12;236340;2,7;3;2,7;4,1;3,5;5;1,1;3,4;0,2;0,3;3,7;3,4;0,5;0;0;3;0,1
2009/2010;  13;224902;2,5;2,8;2,6;3,8;4,5;4,1;4,2;3,1;0,2;0,2;3,4;3,1;0,4;0;0,1;3;0,1
2009/2010;  Sekundarbereich II, ohne Angabe;-;-;-;-;-;-;-;-;-;-;-;-;-;-;-;-;-;-
2009/2010;Eingangsphase E;177471;2;2,7;2,9;3;2,6;2,5;3,4;-;2,8;5,8;-;-;3,4;2,5;2,8;0;3
2009/2010;Qualifizierungsstufe Q1;90198;1;-;2,4;0,1;-;-;3,5;-;2,9;2,8;-;-;3,2;2,4;2,6;0;2,7
2009/2010;Qualifizierungsstufe Q2;53956;0,6;-;-;0,1;-;-;2,8;-;3;2,6;-;-;3;2,4;2,6;0;3,2
2009/2010;Förderschule;387792;4,4;4,3;4,1;3,7;4,6;3,8;3,8;3,9;8;3,9;4,6;3,4;3,8;6,2;7,6;2,7;6
2009/2010;Abendschule/Kolleg;59671;0,7;0,5;0,2;1,4;1,1;1,5;0,9;0,8;0,4;0,2;1,3;0,1;0,6;0,9;0,5;0,1;0,2
2009/2010;Insgesamt;8905800;100;100;100;100;100;100;100;100;100;100;100;100;100;100;100;100;100
2010/2011;Vorschulbereich;28733;0,3;0,7;-;-;-;0;4;0,9;-;0,4;0,1;0,1;0,5;-;-;-;-
2010/2011;Primarbereich;2877061;32,7;32,2;32,2;32,8;35,5;30,7;31,9;32,3;37,9;32,3;31,2;32,5;32,3;39,2;37,6;33,8;38,7
2010/2011;  1;689908;7,8;7,7;7,5;6,7;9,1;7,4;8;7,8;10,4;8;7,4;7,6;7,7;10,2;9,2;8,2;9,5
2010/2011;  2;721489;8,2;8;8;7,4;9,1;7,7;7,8;8,1;9,4;7,9;8,1;8;8;9,6;10,2;8,6;10,4
2010/2011;  3;729472;8,3;8,2;8,2;11,2;8,6;7,6;7,9;8,1;9;8,1;7,7;8,6;8,3;9,9;9;8,3;9,4
2010/2011;  4;735092;8,4;8,4;8,5;7,4;8,7;8;8,1;8,2;9,1;8,3;8;8,3;8,1;9,4;9,2;8,7;9,4
2010/2011;  Primarbereich, ohne Angabe;1100;0;-;-;-;-;-;-;-;-;0;0;-;0,2;0,1;-;-;-
2010/2011;Sekundarbereich I;4398244;50;50,8;52,4;47,6;46,6;47,5;45,1;50;45,3;51,1;48,5;53,3;52;46,5;46,5;54,1;47,4
2010/2011;  5;766130;8,7;9;9,6;7,9;9,2;8,1;8;8,5;9;8,7;8;8,5;8,9;9,4;9,1;8,9;9,2
2010/2011;  6;786678;8,9;9,2;9,2;10,3;9,5;8,3;8,2;8,8;8,7;8,9;8,4;9,1;9,1;9,1;8,7;9,2;9,1
2010/2011;  Jahrgangsstufe 5 und 6 zusammen;1552808;17,7;18,1;18,8;18,2;18,7;16,4;16,1;17,3;17,6;17,6;16,5;17,6;18;18,4;17,8;18,2;18,3
2010/2011;  7;799889;9,1;9,4;9,5;8,3;8,3;8,6;8,3;9;8,6;9,5;8,7;9,4;9,6;8,8;8,5;9,5;9,3
2010/2011;  8;821683;9,3;9,8;9,8;8,2;8,3;8,6;8,5;9,5;8,4;9,6;9,1;9,7;10,3;8,3;8,6;10,1;8,7
2010/2011;  9;793743;9;9,5;9,7;8,3;7,7;8,8;8,3;9;7,8;9,2;8,8;9,3;10,3;7,4;8;9,6;7,6
2010/2011;  10;428931;4,9;4;4,6;4,5;3,6;5,2;3,9;5,2;2,9;5,2;5,4;7,3;3,7;3,4;3,7;6,8;3,5
2010/2011;  Sekundarbereich I, ohne Angabe;1190;0;-;0;-;-;-;-;-;-;0;0;0;0,1;0,1;0;-;-
2010/2011;Sekundarbereich II;595934;6,8;6;2,8;8,8;6,9;8,9;4,9;9,8;0,6;3,6;11,4;10,6;1,4;0,1;0,1;9,4;0,4
2010/2011;  11;151659;1,7;0,1;0;1;0,6;0,1;2;3,2;0,3;0,4;4;3,9;0,6;0;0,1;3,5;0,1
2010/2011;  12;198973;2,3;2,9;0;4,1;3;4,3;1,6;3,4;0,2;0,4;3,9;3,5;0,5;0;0,1;3,1;0,1
2010/2011;  13;245302;2,8;3;2,7;3,7;3,2;4,5;1,3;3,2;0,1;2,9;3,5;3,2;0,4;0;0;2,7;0,1
2010/2011;  Sekundarbereich II, ohne Angabe;-;-;-;-;-;-;-;-;-;-;-;-;-;-;-;-;-;-
2010/2011;Eingangsphase E;233745;2,7;3;3;3,2;3,2;4,9;3,2;2,1;3;3,3;2,7;-;3,3;2,7;2,8;0;3
2010/2011;Qualifizierungsstufe Q1;147203;1,7;2,3;2,8;2,7;2,2;2,6;3,3;0,3;2,9;3,2;0,1;-;3,3;2,3;2,7;0;2,7
2010/2011;Qualifizierungsstufe Q2;78422;0,9;-;2,3;0,1;-;-;3;-;2,5;2;-;-;2,9;2,2;2,4;0;2,5
2010/2011;Förderschule;377922;4,3;4,3;4,1;3,5;4,5;3,6;3,7;3,8;7,5;3,8;4,6;3,3;3,9;6,1;7,4;2,5;5,3
2010/2011;Abendschule/Kolleg;59630;0,7;0,5;0,2;1,4;1,1;1,6;1;0,8;0,4;0,2;1,3;0,2;0,5;0,9;0,4;0,1;0,1
2010/2011;Insgesamt;8796894;100;100;100;100;100;100;100;100;100;100;100;100;100;100;100;100;100
2011/2012;Vorschulbereich;28237;0,3;0,7;-;-;-;0;4,1;0,9;-;0,4;0,1;0,1;0,3;-;-;-;-
2011/2012;Primarbereich;2832087;32,6;31,8;32,5;33,2;34,9;31;31,6;32,3;37,2;33;31;32,1;32,4;38,4;37,1;33,2;37,9
2011/2012;  1;695407;8;7,8;7,8;6,8;8,9;7,8;8,1;8;9,9;8,2;7,8;7,6;8,1;9,9;9,2;8;9,3
2011/2012;  2;706455;8,1;7,9;7,9;7,7;8,9;7,6;7,9;8;9,8;8,4;7,7;7,8;7,8;9,8;10,2;8,7;10,2
2011/2012;  3;721335;8,3;8,1;8,3;11,2;8,7;7,9;7,7;8,1;8,8;8,1;7,9;8,1;8;9,6;8,9;8,1;9,2
2011/2012;  4;707742;8,2;8,1;8,5;7,6;8,4;7,8;7,8;8,1;8,7;8,3;7,6;8,7;8,3;9;8,8;8,3;9,1
2011/2012;  Primarbereich, ohne Angabe;1148;0;-;-;-;-;-;-;-;-;0;0;-;0,2;0,1;-;-;-
2011/2012;Sekundarbereich I;4370068;50,4;51,2;53,9;47,3;47,6;48,4;45;49;46,4;51,9;48,5;53,4;51,1;47,3;47,4;54,4;48,5
2011/2012;  5;744533;8,6;8,7;9,3;7,4;8,6;8,3;8,2;8,4;9;8,6;8,1;8,3;8,5;9,2;9;8,7;9,3
2011/2012;  6;773213;8,9;9,2;9,7;8,8;9;8,3;8;8,7;8,8;9,1;8,3;8,9;9;9,2;9,1;9,1;9,1
2011/2012;  Jahrgangsstufe 5 und 6 zusammen;1517746;17,5;17,9;19,1;16,2;17,6;16,6;16,2;17;17,7;17,6;16,4;17,2;17,5;18,3;18;17,9;18,4
2011/2012;  7;791666;9,1;9,4;9,8;9,6;9,5;8,6;8,1;8,9;8,5;9,3;8,6;9,2;9,4;8,8;8,6;9,4;9
2011/2012;  8;807587;9,3;9,7;10;8,4;8,3;8,9;8,3;9,2;8,7;9,8;8,9;9,6;9,8;8,6;8,6;9,8;9,2
2011/2012;  9;825496;9,5;10;10,3;8,6;8,3;9;8,5;9,5;8,4;9,7;9,3;9,8;10,4;8;8,3;10,3;8,4
2011/2012;  10;426184;4,9;4,2;4,8;4,5;3,9;5,4;4;4,3;3,2;5,4;5,4;7,5;3,8;3,5;3,8;7;3,5
2011/2012;  Sekundarbereich I, ohne Angabe;1389;0;-;0;-;-;-;-;-;-;0,1;0;0;0,1;0,1;0;-;-
2011/2012;Sekundarbereich II;435551;5;2,9;0,1;5,9;4;4,2;5,3;13,2;0,6;1,1;8,5;10,8;1,6;0,1;0,2;9,7;0,4
2011/2012;  11;95543;1,1;0,1;0;1;0,6;0,1;2;4,8;0,3;0,4;0,9;3,9;0,6;0;0,1;3,5;0,1
2011/2012;  12;155638;1,8;0,2;0;1,2;0,6;0,1;1,9;4,9;0,2;0,4;3,8;3,7;0,6;0;0,1;3,3;0,1
2011/2012;  13;184370;2,1;2,6;0;3,7;2,8;4;1,5;3,5;0,1;0,3;3,7;3,3;0,4;0;0;2,9;0,1
2011/2012;  Sekundarbereich II, ohne Angabe;-;-;-;-;-;-;-;-;-;-;-;-;-;-;-;-;-;-
2011/2012;Eingangsphase E;241618;2,8;3,1;3,2;3,4;3,3;5;3,3;-;3,1;3,5;3,5;-;3,5;2,9;3;0,1;3,2
2011/2012;Qualifizierungsstufe Q1;210116;2,4;2,9;3;3,5;3;5;3,2;-;2,9;3,2;2,6;-;3,4;2,5;2,7;0;2,7
2011/2012;Qualifizierungsstufe Q2;135868;1,6;2,5;2,9;1,9;1,8;2,2;3;-;2,6;3;0,1;-;3,2;2,1;2,4;0;2,5
2011/2012;Förderschule;365715;4,2;4,4;4,2;3,3;4,4;2,3;3,4;3,8;6,8;3,8;4,5;3,4;3,9;5,9;6,8;2,4;4,7
2011/2012;Abendschule/Kolleg;58936;0,7;0,5;0,3;1,3;1;1,8;1;0,8;0,4;0,2;1,3;0,2;0,6;0,8;0,4;0,1;0,1
2011/2012;Insgesamt;8678196;100;100;100;100;100;100;100;100;100;100;100;100;100;100;100;100;100
2012/2013;Vorschulbereich;27876;0,3;0,7;-;-;-;0;4,2;1;-;0,4;0,1;0,1;0,2;-;-;-;-
2012/2013;Primarbereich;2795620;32,7;32,3;32,3;34,2;35,1;32,2;31,6;32,4;36,6;33,1;31;31,5;32,2;37,8;36,8;33;37,1
2012/2013;  1;674267;7,9;7,9;7,8;7,1;9;8,2;7,9;7,9;9,5;8,1;7,3;7,5;7,9;9,5;8,9;8;8,9
2012/2013;  2;712236;8,3;8,1;8;7,9;8,8;8,1;8;8,3;9,5;8,5;8,1;7,9;8,4;9,6;10,4;8,6;10,2
2012/2013;  3;706527;8,3;8,1;8;11,6;8,7;7,9;7,9;8;9,1;8,4;7,6;8;7,9;9,7;8,8;8,2;8,9
2012/2013;  4;701417;8,2;8,2;8,4;7,7;8,7;8;7,7;8,2;8,6;8,1;7,9;8,2;8,1;8,8;8,6;8,2;9,1
2012/2013;  Primarbereich, ohne Angabe;1173;0;-;-;-;-;-;-;-;-;0;0;-;0;0,1;-;-;-
2012/2013;Sekundarbereich I;4315970;50,4;52,3;53,8;47,7;48,3;48,8;44,6;48,7;46,6;51,5;48,4;53,8;50,7;47,6;47,7;54,2;48,9
2012/2013;  5;717769;8,4;8,5;9;7,6;8,5;8,3;7,9;8,2;8,7;8,5;7,9;8,7;8,6;8,8;8,7;8,3;8,9
2012/2013;  6;753256;8,8;9,1;9,4;8,6;8,5;8,3;8,1;8,5;8,8;8,8;8,4;8,7;8,9;9;9;8,9;9,3
2012/2013;  Jahrgangsstufe 5 und 6 zusammen;1471025;17,2;17,6;18,4;16,2;17;16,7;16;16,8;17,6;17,2;16,3;17,4;17,4;17,8;17,6;17,2;18,2
2012/2013;  7;777613;9,1;9,6;10;8;9;8,6;7,9;8,9;8,6;9,3;8,5;9,1;9,4;8,9;9;9,3;8,8
2012/2013;  8;798814;9,3;9,8;10;9,6;9,6;8,9;8;9,2;8,6;9,5;8,8;9,5;9,6;8,6;8,7;9,8;9
2012/2013;  9;815299;9,5;10,1;10,3;9,1;8,4;9,4;8,4;9,4;8,6;9,8;9,1;9,8;9,9;8,3;8,4;10,2;8,9
2012/2013;  10;451680;5,3;5,2;5;4,7;4,2;5,4;4,2;4,5;3,3;5,5;5,6;8;4,2;3,8;3,9;7,7;3,9
2012/2013;  Sekundarbereich I, ohne Angabe;1539;0;-;0;-;-;-;-;-;-;0,1;0;0;0,1;0,1;0;-;-
2012/2013;Sekundarbereich II;324680;3,8;0,4;0,1;3,4;1,8;0,3;5,7;13,3;0,8;1,1;5,4;11;1,8;0,1;0,2;10,1;0,4
2012/2013;  11;93127;1,1;0,2;0;1,1;0,7;0,1;2,1;4,2;0,4;0,4;0,9;4,1;0,7;0;0,1;3,7;0,1
2012/2013;  12;89558;1;0,2;0;1,2;0,6;0,1;1,9;4,5;0,2;0,4;0,9;3,6;0,6;0;0,1;3,4;0,1
2012/2013;  13;141995;1,7;0,1;0;1;0,5;0,1;1,7;4,6;0,1;0,3;3,6;3,4;0,5;0;0;3;0,1
2012/2013;  Sekundarbereich II, ohne Angabe;-;-;-;-;-;-;-;-;-;-;-;-;-;-;-;-;-;-
2012/2013;Eingangsphase E;253837;3;3,4;3,4;3,6;3,7;5,3;3,6;-;3,5;3,7;3,6;-;3,8;3,2;3,4;0,1;3,7
2012/2013;Qualifizierungsstufe Q1;232151;2,7;3;3;3,6;3,1;5,2;3,4;-;3,1;3,3;3,5;-;3,6;2,7;2,8;0,1;2,9
2012/2013;Qualifizierungsstufe Q2;194716;2,3;2,9;3;3;2,7;4,7;3;-;2,6;2,9;2,4;-;3,1;2,3;2,3;0,1;2,5
2012/2013;Förderschule;355139;4,2;4,5;4,2;3,2;4,3;1,9;3;3,8;6,4;3,8;4,3;3,4;3,9;5,7;6,5;2,2;4,5
2012/2013;Abendschule/Kolleg;56890;0,7;0,4;0,3;1,4;1;1,7;1;0,8;0,4;0,2;1,3;0,2;0,6;0,8;0,4;0,1;0,1
2012/2013;Insgesamt;8556879;100;100;100;100;100;100;100;100;100;100;100;100;100;100;100;100;100
2013/2014;Vorschulbereich;27696;0,3;0,7;-;-;-;0;4,4;0,9;-;0,3;0,1;0,1;0,2;-;-;-;-
2013/2014;Primarbereich;2772129;32,9;32,5;32,3;35;34,9;32,6;31,6;33;36,3;33,3;31,5;31,6;32,6;37,6;36,6;33;36,7
2013/2014;  1;675205;8;8;8;7,4;9;8,1;8,1;8,2;9,6;7,9;7,5;7,7;8,3;9,6;9;8,1;9
2013/2014;  2;696041;8,3;8,1;8;8;8,8;8,3;7,8;8,2;9,1;8,5;8,1;7,7;7,8;9,2;10,1;8,6;9,7
2013/2014;  3;710554;8,4;8,2;8,1;11,5;8,5;8,1;7,9;8,4;8,8;8,5;8,1;8;8,3;9,6;8,8;8,1;9,1
2013/2014;  4;688594;8,2;8,2;8,1;8;8,6;7,9;7,8;8,2;8,9;8,5;7,8;8,1;8;9;8,6;8,3;8,9
2013/2014;  Primarbereich, ohne Angabe;1735;0;-;-;-;-;0,2;-;-;-;0;0;-;0,2;0,1;-;-;-
2013/2014;Sekundarbereich I;4237112;50,3;51,8;53,6;47;48,3;48,4;44;49,1;46,7;51,1;49,3;53;50;47,4;47,6;50,9;48,9
2013/2014;  5;711802;8,5;8,7;8,9;7,6;8,5;8;7,6;8,4;8,6;8,3;8,3;8,2;8,6;8,6;8,5;8,3;8,9
2013/2014;  6;728462;8,7;8,7;9,1;8,8;8,4;8;7,8;8,5;8,7;8,7;8,3;9;9;8,7;8,6;8,5;9
2013/2014;  Jahrgangsstufe 5 und 6 zusammen;1440264;17,1;17,4;18;16,4;16,9;16,1;15,4;16,9;17,3;17;16,6;17,3;17,5;17,3;17;16,8;17,9
2013/2014;  7;757696;9;9,4;9,7;7,5;8,5;8,4;8;8,8;8,7;9,1;8,8;8,9;9,1;8,8;8,9;9,1;9
2013/2014;  8;786195;9,3;9,8;10,3;8,1;9;8,6;7,8;9,2;8,7;9,6;8,9;9,3;9,6;8,7;9;9,7;9
2013/2014;  9;807308;9,6;10;10,4;9,8;9,6;9,2;8;9,4;8,6;9,7;9,2;9,6;9,8;8,4;8,5;10,5;8,7
2013/2014;  10;443660;5,3;5,2;5,2;5,2;4,2;5,5;4,8;4,7;3,4;5,8;5,6;7,9;3,9;4;4,1;4,7;4,2
2013/2014;  Sekundarbereich I, ohne Angabe;1989;0;-;0;-;-;0,5;-;-;-;0,1;0;0;-;0,2;0;-;-
2013/2014;Sekundarbereich II;263801;3,1;0,4;0,1;3,4;2;0,3;6;12,4;0,9;1,1;2,8;11,5;2;0,1;0,2;10,9;0,4
2013/2014;  11;96143;1,1;0,2;0;1,1;0,8;0,1;2,3;4,1;0,4;0,4;1;4,4;0,8;0;0,1;4,2;0,2
2013/2014;  12;87213;1;0,2;0;1,2;0,7;0,1;2;4;0,3;0,4;0,9;3,8;0,7;0;0,1;3,6;0,1
2013/2014;  13;80411;1;0,1;0;1;0,5;0,1;1,7;4,3;0,2;0,3;0,8;3,4;0,5;0;0;3,1;0,1
2013/2014;  Sekundarbereich II, ohne Angabe;34;0;-;-;-;-;0,1;-;-;-;-;-;-;-;-;-;-;-
2013/2014;Eingangsphase E;262575;3,1;3,4;3,4;3,8;3,8;5,3;3,6;-;3,6;3,7;3,7;0,2;3,6;3,4;3,4;2,8;3,8
2013/2014;Qualifizierungsstufe Q1;242795;2,9;3,3;3,2;3,8;3,4;5,4;3,5;-;3,4;3,6;3,6;-;3,8;2,9;3,2;0,1;3,3
2013/2014;Qualifizierungsstufe Q2;215604;2,6;2,9;3;2,9;2,6;4,7;3,1;-;2,7;3;3,4;-;3,3;2,4;2,5;0,1;2,7
2013/2014;Förderschule;343343;4,1;4,5;4,2;2,9;4,1;1,5;2,8;3,8;6;3,6;4,3;3,5;3,9;5,5;6,1;2,1;4,2
2013/2014;Abendschule/Kolleg;55056;0,7;0,4;0,2;1,3;0,9;1,7;0,9;0,8;0,3;0,2;1,3;0,2;0,6;0,7;0,3;0,1;0,1
2013/2014;Insgesamt;8420111;100;100;100;100;100;100;100;100;100;100;100;100;100;100;100;100;100
2014/2015;Vorschulbereich;26721;0,3;0,7;-;-;-;0;4,3;0,9;-;0,3;0,1;0,1;0,1;-;-;-;-
2014/2015;Primarbereich;2789246;33,3;33;32,9;35,4;35;33,4;31,9;33,8;36;33,4;32;32,1;33,3;37,5;36,7;33,3;36,8
2014/2015;  1;696666;8,3;8,3;8,4;7,7;9,3;8,5;8,2;8,5;9,8;8,1;7,8;8,2;8,4;9,8;9,2;8,5;9,2
2014/2015;  2;701393;8,4;8,2;8,2;8,4;8,9;8,4;8;8,4;9,1;8,3;8,1;8;8,3;9,3;10,3;8,6;9,9
2014/2015;  3;695446;8,3;8,2;8,1;11,4;8,5;8,3;7,8;8,3;8,5;8,5;7,8;7,9;7,9;9,3;8,6;8,1;8,7
2014/2015;  4;693069;8,3;8,3;8,2;7,9;8,3;8,1;7,9;8,5;8,6;8,5;8,1;8,1;8,4;8,9;8,6;8,2;9
2014/2015;  Primarbereich, ohne Angabe;2672;0;-;-;-;-;-;-;-;-;0;0,1;-;0,3;0,3;-;-;-
2014/2015;Sekundarbereich I;4168985;49,8;51,2;52,8;46,2;47,5;48,2;43,7;49;46,6;51;48,9;52;49,4;47,2;47,5;50,2;48,6
2014/2015;  5;701960;8,4;8,6;8,6;7,8;8,4;8,7;7,8;8,4;8,8;8,7;8,1;8,1;8,4;8,8;8,4;8,3;8,8
2014/2015;  6;724160;8,7;8,8;9;8,9;8,4;8,1;7,6;8,6;8,5;8,6;8,6;8,5;8,8;8,5;8,4;8,5;9
2014/2015;  Jahrgangsstufe 5 und 6 zusammen;1426120;17;17,5;17,6;16,7;16,8;16,7;15,4;17;17,2;17,3;16,6;16,6;17,2;17,3;16,9;16,8;17,7
2014/2015;  7;734051;8,8;8,9;9,4;7,5;8,4;8,1;7,7;8,8;8,5;9;8,6;9,2;9,2;8,5;8,5;8,7;8,8
2014/2015;  8;767950;9,2;9,6;10;7,6;8,5;8,5;8;9,1;8,7;9,3;9;9,1;9,2;8,7;9;9,5;9,2
2014/2015;  9;795952;9,5;10;10,7;8,2;9,1;9;7,9;9,4;8,6;9,7;9,2;9,5;9,7;8,5;8,8;10,4;8,7
2014/2015;  10;441798;5,3;5,2;5,1;6,2;4,8;5,8;4,7;4,7;3,5;5,7;5,6;7,6;3,9;4;4,2;4,8;4,2
2014/2015;  Sekundarbereich I, ohne Angabe;3114;0;-;0;-;-;-;-;-;-;0,2;0;0;0,1;0,3;0,1;-;-
2014/2015;Sekundarbereich II;256304;3,1;0,4;0,1;3,6;2,2;1,5;6,2;11,7;0,8;1,2;2,8;11,7;2,2;0,1;0,3;8,6;0,4
2014/2015;  11;87432;1;0,2;0;1,3;0,8;1,2;2,2;4,1;0,3;0,5;1,1;4,2;0,7;0;0,1;1,2;0,2
2014/2015;  12;90101;1,1;0,2;0;1,3;0,7;0,1;2,2;3,8;0,3;0,4;1;4;0,8;0;0,1;4;0,1
2014/2015;  13;78716;0,9;0,1;0;1;0,6;0,1;1,8;3,7;0,2;0,3;0,8;3,6;0,6;0;0,1;3,3;0,1
2014/2015;  Sekundarbereich II, ohne Angabe;55;0;-;-;-;-;0,1;-;-;-;-;-;-;-;-;-;-;-
2014/2015;Eingangsphase E;262775;3,1;3,4;3,5;4;4,3;3,9;3,4;-;3,7;3,6;3,6;0,3;3,4;3,4;3,5;3,3;3,7
2014/2015;Qualifizierungsstufe Q1;249295;3;3,2;3,2;3,9;3,5;5,3;3,6;-;3,5;3,5;3,6;0,2;3,6;3,1;3,3;2,4;3,4
2014/2015;Qualifizierungsstufe Q2;225420;2,7;3,1;3,1;3,1;2,9;4,9;3,3;-;3;3,2;3,5;-;3,5;2,7;2,8;0,1;3
2014/2015;Förderschule;335008;4;4,6;4,2;2,7;3,8;1,2;2,6;3,8;6,1;3,4;4,2;3,5;3,9;5,4;5,7;2;4
2014/2015;Abendschule/Kolleg;52912;0,6;0,4;0,2;1,1;0,9;1,7;0,9;0,8;0,3;0,2;1,3;0,2;0,6;0,7;0,3;0,1;0,1
2014/2015;Insgesamt;8366666;100;100;100;100;100;100;100;100;100;100;100;100;100;100;100;100;100
2015/2016;Vorschulbereich;26964;0,3;0,7;-;-;-;0;4,4;0,9;-;0,3;0,1;0;0;-;-;-;-
2015/2016;Primarbereich;2807106;33,7;33,6;33,4;36,1;35,5;34;32,1;33,9;36,4;33,5;32,1;32,6;33,5;37,5;36,9;33,8;37,1
2015/2016;  1;698319;8,4;8,5;8,4;9,2;9,2;8,7;8,1;8,5;10;8,1;7,7;8,1;8,3;9,5;9,3;8,5;9,4
2015/2016;  2;725268;8,7;8,5;8,6;8,3;9,3;8,4;8,2;8,7;9,4;8,5;8,6;8,4;8,5;9,5;10,6;9;10,1
2015/2016;  3;698224;8,4;8,4;8,3;10,4;8,6;8,5;8;8,4;8,7;8,3;7,9;8,2;8,5;9,3;8,6;8,1;9
2015/2016;  4;682026;8,2;8,3;8,2;8;8,4;8,4;7,8;8,3;8,4;8,5;7,9;8;8;8,6;8,4;8,2;8,6
2015/2016;  Primarbereich, ohne Angabe;3269;0;-;-;0;-;-;-;-;-;0,1;0;-;0,2;0,6;0;-;-
2015/2016;Sekundarbereich I;4130472;49,6;50,9;52,1;45,6;46,8;48,8;43,8;48,4;46,3;51,1;49,1;51,2;49,4;47,1;47,3;49,6;48,5
2015/2016;  5;708756;8,5;8,8;8,6;7,8;8,3;9,1;8;8,6;8,5;8,8;8,4;8,1;8,8;8,7;8,5;8,3;8,8
2015/2016;  6;716312;8,6;8,9;8,7;9,3;8,4;8;7,8;8,4;8,7;8,9;8,3;8,4;8,6;8,7;8,4;8,5;8,9
2015/2016;  Jahrgangsstufe 5 und 6 zusammen;1425068;17,1;17,6;17,3;17,1;16,6;17,1;15,7;17;17,2;17,7;16,7;16,5;17,4;17,4;16,9;16,8;17,7
2015/2016;  7;731337;8,8;9,1;9,3;7,6;8,4;8,1;7,7;8,7;8,4;8,9;8,8;8,7;9;8,3;8,4;8,6;8,8
2015/2016;  8;747338;9;9,2;9,7;7,6;8,4;8,2;7,7;8,9;8,5;9,1;8,8;9,4;9,4;8,3;8,6;9;9
2015/2016;  9;780049;9,4;9,7;10,4;7,7;8,6;8,9;8;9,1;8,7;9,4;9,3;9,2;9,4;8,4;8,8;10,2;9
2015/2016;  10;441099;5,3;5,2;5,4;5,6;4,7;6,5;4,6;4,7;3,5;5,7;5,5;7,4;3,9;4,2;4,3;5,1;4,1
2015/2016;  Sekundarbereich I, ohne Angabe;5581;0,1;-;0;-;-;-;-;-;-;0,4;0;-;0,3;0,5;0,3;-;-
2015/2016;Sekundarbereich II;252661;3;0,5;0,1;4,1;2,3;2,9;6,2;11,5;0,8;1,3;2,9;11,7;2,3;0,1;0,3;6,3;0,5
2015/2016;  11;89006;1,1;0,2;0;1,5;0,9;1,3;2;4,1;0,3;0,6;1,1;4,1;0,9;0;0,1;1,3;0,2
2015/2016;  12;81984;1;0,2;0;1,4;0,8;1,3;2,2;3,8;0,3;0,5;1;3,8;0,7;0;0,1;1,2;0,2
2015/2016;  13;81621;1;0,1;0;1,1;0,6;0,3;2;3,6;0,2;0,3;0,9;3,8;0,6;0;0,1;3,7;0,1
2015/2016;  Sekundarbereich II, ohne Angabe;50;0;-;-;-;-;-;-;-;-;-;-;-;0,1;-;-;-;-
2015/2016;Eingangsphase E;257262;3,1;3,4;3,4;3,5;4;3,6;3,4;-;3,7;3,6;3,6;0,3;3,7;3,4;3,5;3;3,6
2015/2016;Qualifizierungsstufe Q1;249423;3;3,2;3,3;4,1;3,9;3,6;3,4;-;3,5;3,5;3,5;0,3;3,4;3,1;3,2;3,1;3,2
2015/2016;Qualifizierungsstufe Q2;232404;2,8;3,1;3,1;3,3;3;4,5;3,4;-;3,2;3,2;3,4;0,2;3,3;2,8;2,9;2,2;3,2
2015/2016;Förderschule;322343;3,9;4,4;4,2;2,5;3,7;0,9;2,5;3,7;5,8;3,2;4;3,5;3,9;5,3;5,5;1,9;3,8
2015/2016;Abendschule/Kolleg;50681;0,6;0,4;0,2;1;0,8;1,5;0,9;0,7;0,3;0,2;1,3;0,2;0,6;0,6;0,3;0,1;0,1
2015/2016;Insgesamt;8335061;100;100;100;100;100;100;100;100;100;100;100;100;100;100;100;100;100
2016/2017;Vorschulbereich;27592;0,3;0,7;-;-;-;0;4,5;1;-;0,3;0,1;0;0,1;-;-;-;-
2016/2017;Primarbereich;2868444;34,3;34,3;34,3;36,3;36,2;34,5;32,6;34,4;36,8;33,7;32,7;33,4;34,3;37,9;37,5;35,3;37,7
2016/2017;  1;715872;8,6;8,7;8,6;9,3;9,5;8,4;8,3;8,5;9,9;8,2;7,9;8,3;9;9,8;9,2;9;9,3
2016/2017;  2;738296;8,8;8,6;8,6;10;9,1;8,5;8,1;8,7;9,5;8,5;8,7;8,4;8,4;9,6;10,9;9,3;10,4
2016/2017;  3;719290;8,6;8,6;8,7;8,7;9;8,5;8,2;8,7;8,9;8,4;8,3;8,5;8,4;9,7;9;8,6;9,1
2016/2017;  4;692223;8,3;8,4;8,4;8,3;8,6;8,5;8;8,4;8,4;8,3;7,9;8,2;8,3;8,8;8,5;8,4;8,9
2016/2017;  Primarbereich, ohne Angabe;2763;0;-;-;0;-;0,7;-;-;-;0,2;-;-;0,2;-;0;-;-
2016/2017;Sekundarbereich I;4120897;49,2;50,3;51,4;46;46,4;49,3;43,7;48,5;46;51,2;48,8;50,5;49;47;47,1;50;48,3
2016/2017;  5;702204;8,4;8,7;8,6;7,8;8,4;8,3;7,8;8,4;8,3;8,7;8,1;8;8,6;8,6;8,3;8,5;8,6
2016/2017;  6;727264;8,7;8,9;8,7;9,5;8,2;8,1;7,9;8,6;8,5;8,9;8,6;8,4;8,9;8,7;8,5;8,6;8,9
2016/2017;  Jahrgangsstufe 5 und 6 zusammen;1429468;17,1;17,7;17,4;17,3;16,5;16,3;15,7;17;16,8;17,5;16,7;16,4;17,5;17,4;16,8;17,1;17,5
2016/2017;  7;728459;8,7;9,1;9;8;8,4;7,9;7,8;8,6;8,6;9;8,5;8,5;8,8;8,7;8,3;8,9;8,7
2016/2017;  8;750194;9;9,3;9,6;7,7;8,4;8,1;7,7;8,9;8,4;9;9;8,9;9,3;8,4;8,5;9,1;9,1
2016/2017;  9;767884;9,2;9,3;10,2;7,9;8,6;8,3;7,9;9;8,6;9,2;9,1;9,6;9,5;8,2;8,5;9,9;8,9
2016/2017;  10;434855;5,2;5;5,2;5;4,4;6,9;4,7;5;3,5;5,5;5,5;7,1;3,8;4,3;4,4;5;4,1
2016/2017;  Sekundarbereich I, ohne Angabe;10037;0,1;-;0;0;-;1,7;-;-;-;0,9;-;-;0,1;-;0,6;-;-
2016/2017;Sekundarbereich II;247829;3;0,5;0,1;4,2;2,3;8,1;5,9;11,1;0,9;1,6;2,9;11,4;2,3;0,1;0,3;4;0,6
2016/2017;  11;90030;1,1;0,2;0;1,5;0,9;2,6;2;3,8;0,3;0,7;1,1;4,2;0,8;0;0,1;1,6;0,3
2016/2017;  12;83449;1;0,2;0;1,6;0,8;2,7;2;3,8;0,3;0,5;1;3,7;0,9;0;0,1;1,3;0,2
2016/2017;  13;74131;0,9;0,1;0;1,2;0,6;2,5;1,9;3,5;0,2;0,4;0,9;3,5;0,6;0;0,1;1,1;0,2
2016/2017;  Sekundarbereich II, ohne Angabe;219;0;-;-;-;-;0,2;-;-;-;-;-;-;0,1;-;-;-;-
2016/2017;Eingangsphase E;252024;3;3,3;3,3;3,3;3,7;2;3,4;-;3,7;3,5;3,6;0,4;3,8;3,3;3,4;2,9;3,7
2016/2017;Qualifizierungsstufe Q1;242756;2,9;3,2;3,2;3,5;3,7;2;3,3;-;3,6;3,4;3,4;0,3;3,3;3,1;3,3;2,9;3,1
2016/2017;Qualifizierungsstufe Q2;231302;2,8;3;3,2;3,4;3,4;1,9;3,2;-;3,2;3,1;3,3;0,2;2,9;2,9;2,8;2,9;3
2016/2017;Förderschule;317610;3,8;4,4;4,3;2,3;3,6;0,8;2,4;3,6;5,6;3;4;3,5;3,7;5,1;5,3;1,8;3,5
2016/2017;Abendschule/Kolleg;47357;0,6;0,3;0,2;1;0,7;1,4;0,8;0,6;0,3;0,2;1,2;0,2;0,5;0,6;0,2;0,1;0,1
2016/2017;Insgesamt;8369513;100;100;100;100;100;100;100;100;100;100;100;100;100;100;100;100;100
2017/2018;Vorschulbereich;28196;0,3;0,7;-;-;-;0;4,6;1;-;0,3;0,1;0;0,1;-;-;-;-
2017/2018;Primarbereich;2899336;34,7;34,7;34,8;36,4;36,6;34,5;32,9;34,5;37,2;34;33,3;33,9;34,9;38,2;37,8;35,9;38,1
2017/2018;  1;707434;8,5;8,7;8,7;5,3;9,4;8,4;8,3;8,6;9,9;8,4;8;8,5;8,8;9,9;9,2;9,1;9,6
2017/2018;  2;752728;9;8,8;8,8;10,9;9,4;8,5;8,3;8,6;9,6;8,6;8,9;8,5;8,6;9,6;10,8;9,4;10,2
2017/2018;  3;724741;8,7;8,6;8,7;11,7;8,8;8,5;8,1;8,6;9;8,4;8,1;8,5;8,4;9,6;9;8,7;9,2
2017/2018;  4;712901;8,5;8,6;8,7;8,5;8,9;8,5;8,2;8,6;8,8;8,5;8,2;8,5;8,6;9;8,8;8,7;9,1
2017/2018;  Primarbereich, ohne Angabe;1532;0;-;-;-;-;0,7;-;-;-;0,1;-;-;0,4;-;-;-;-
2017/2018;Sekundarbereich I;4120127;49,4;50,2;51,2;46,5;46,5;49,5;43,8;48,1;45,8;54,2;48,4;50,1;48,8;46,9;46,7;49,7;48,2
2017/2018;  5;705934;8,5;8,8;8,8;8,2;8,5;8,5;8;8,4;8,4;8,6;8,1;8,2;8,8;8,8;8,5;8,5;8,8
2017/2018;  6;717280;8,6;8,9;8,7;9,5;8,3;8,3;7,8;8,4;8,3;8,9;8,3;8,3;8,7;8,6;8,4;8,7;8,7
2017/2018;  Jahrgangsstufe 5 und 6 zusammen;1423214;17,1;17,6;17,5;17,7;16,8;16,8;15,8;16,8;16,7;17,4;16,4;16,5;17,5;17,4;16,8;17,1;17,5
2017/2018;  7;732567;8,8;9,2;9;8;8,3;8,2;7,8;8,7;8,4;9,1;8,7;8,5;9,2;8,6;8,6;8,8;8,7
2017/2018;  8;741183;8,9;9,2;9,3;8;8,5;8,1;7,9;8,7;8,6;9,3;8,7;8,7;9,1;8,6;8,7;9,2;9
2017/2018;  9;765484;9,2;9,3;10,2;8;8,5;8,6;7,7;8,9;8,4;9,2;9,2;9,1;9,2;8,2;8,5;9,8;8,9
2017/2018;  10;452348;5,4;4,9;5,1;4,8;4,5;6,4;4,6;5;3,5;8,8;5,3;7,3;3,6;4,1;4,1;4,7;4,1
2017/2018;  Sekundarbereich I, ohne Angabe;5331;0,1;-;0,1;-;-;1,4;-;-;-;0,4;0;-;0,2;-;-;-;-
2017/2018;Sekundarbereich II;250619;3;0,6;0,1;4,2;2,4;8;5,9;10,7;0,9;1,8;3;11,2;2,4;0,1;0,4;4,3;0,7
2017/2018;  11;92076;1,1;0,2;0;1,4;0,9;2,8;2,1;3,8;0,3;0,8;1,1;4;0,9;0;0,2;1,7;0,3
2017/2018;  12;83602;1;0,2;0;1,5;0,8;2,7;2;3,4;0,3;0,6;1;3,7;0,8;0;0,1;1,5;0,2
2017/2018;  13;74772;0,9;0,2;0;1,3;0,7;2,3;1,8;3,5;0,3;0,4;0,9;3,4;0,7;0;0,1;1,1;0,2
2017/2018;  Sekundarbereich II, ohne Angabe;169;0;-;-;-;-;0,3;-;-;-;-;-;-;-;-;-;-;-
2017/2018;Eingangsphase E;210994;2,5;3;3;3,3;3,5;2,1;3,3;-;3,6;0,1;3,5;0,4;3,4;3,2;3,4;2,7;3,5
2017/2018;Qualifizierungsstufe Q1;237556;2,8;3,1;3,1;3,3;3,4;1,9;3,3;-;3,5;3,4;3,4;0,4;3,3;3;3,2;2,8;3,2
2017/2018;Qualifizierungsstufe Q2;226615;2,7;3;3,2;3;3,3;1,8;3,2;-;3,3;3,1;3,3;0,3;3,1;2,9;2,9;2,6;2,9
2017/2018;Förderschule;317204;3,8;4,4;4,4;2,3;3,6;0,8;2,3;3,4;5,4;2,9;4;3,6;3,6;5,1;5,4;1,8;3,4
2017/2018;Abendschule/Kolleg;44694;0,5;0,3;0,2;0,9;0,7;1,3;0,8;0,6;0,3;0,2;1,1;0,2;0,5;0,6;0,2;0,1;0,1
2017/2018;Insgesamt;8346707;100;100;100;100;100;100;100;100;100;100;100;100;100;100;100;100;100
2018/2019;Vorschulbereich;26340;0,3;0,7;-;-;-;0;4,7;0,6;-;0,3;0,1;0;0,1;-;-;-;-
2018/2019;Primarbereich;2907252;34,9;34,8;35,2;36,4;36,4;34,5;33;35;37,2;34;33,4;34,2;34,9;38,1;37,8;36,1;38,2
2018/2019;  1;709995;8,5;8,7;8,9;5,8;9,3;8,2;8,3;9;9,6;8,2;8;8,5;8,7;9,8;9,1;9,2;9,4
2018/2019;  2;758058;9,1;8,8;8,8;10,6;9,3;8,7;8,3;8,8;9,6;8,8;9,1;8,7;8,7;9,7;10,9;9,5;10,5
2018/2019;  3;731697;8,8;8,7;8,8;11,7;9;8,5;8,3;8,6;9,1;8,5;8,3;8,5;8,6;9,6;8,9;8,7;9,2
2018/2019;  4;706377;8,5;8,5;8,6;8,4;8,8;8,5;8,1;8,6;8,9;8,5;8;8,4;8,4;9;8,9;8,8;9,2
2018/2019;  Primarbereich, ohne Angabe;1125;0;-;-;-;-;0,6;-;-;-;0;-;-;0,6;-;-;-;-
2018/2019;Sekundarbereich I;4118988;49,4;50,5;51;47;47;50;43,9;49,3;46,1;54,1;48,2;49,7;48,4;47,2;46,8;49,6;48,2
2018/2019;  5;723495;8,7;8,9;9,1;8,3;8,9;8,4;8,1;8,7;8,8;8,7;8,3;8,5;8,9;9;8,8;8,7;8,9
2018/2019;  6;721026;8,7;8,9;8,9;9,7;8,4;8,6;8;8,5;8,4;8,8;8,3;8,4;9;8,7;8,5;8,6;8,9
2018/2019;  Jahrgangsstufe 5 und 6 zusammen;1444521;17,3;17,8;18;18;17,3;16,9;16,1;17,2;17,2;17,5;16,6;16,9;17,9;17,7;17,2;17,4;17,8
2018/2019;  7;720585;8,7;9;9;7,9;8,4;8,5;7,7;8,6;8,3;9,1;8,5;8,4;8,8;8,5;8,4;8,8;8,4
2018/2019;  8;743256;8,9;9,3;9,2;8;8,3;8,3;7,9;8,9;8,6;9,3;8,9;8,7;9,4;8,6;8,7;9;9
2018/2019;  9;752787;9;9,2;9,9;8,1;8,5;8,4;7,8;8,8;8,6;9,4;8,9;8,8;8,8;8,4;8,4;9,9;8,7
2018/2019;  10;454683;5,5;5,2;5;4,9;4,4;6,6;4,4;5,8;3,5;8,6;5,4;6,9;3,4;4,1;4,1;4,6;4,2
2018/2019;  Sekundarbereich I, ohne Angabe;3156;0;-;0;-;-;1,2;-;-;-;0,2;0;-;0,2;-;-;-;-
2018/2019;Sekundarbereich II;277006;3,3;0,8;0,1;4,1;2,4;7,8;5,9;9,7;0,9;5,2;3;11,2;2,9;0,1;0,4;4,6;0,7
2018/2019;  11;117582;1,4;0,4;0;1,4;0,9;2,7;2,1;3,2;0,3;4;1,1;4,1;1,3;0;0,1;1,7;0,3
2018/2019;  12;84843;1;0,2;0;1,5;0,8;2,6;2,1;3,4;0,3;0,7;1;3,6;0,9;0;0,2;1,6;0,2
2018/2019;  13;74412;0,9;0,2;0;1,3;0,7;2,2;1,8;3,2;0,3;0,5;0,9;3,5;0,7;0;0,1;1,3;0,2
2018/2019;  Sekundarbereich II, ohne Angabe;169;0;-;-;-;-;0,3;-;-;-;-;-;-;-;-;-;-;-
2018/2019;Eingangsphase E;206649;2,5;2,8;3,1;3,2;3,6;2;3,3;-;3,5;0;3,5;0,4;3,3;3,2;3,3;2,6;3,3
2018/2019;Qualifizierungsstufe Q1;199059;2,4;2,8;2,8;3,3;3,2;2;3,1;-;3,5;0,1;3,3;0,4;3,2;2,9;3,1;2,5;3
2018/2019;Qualifizierungsstufe Q2;222528;2,7;2,8;3,1;2,9;3,1;1,8;3,1;-;3,2;3,1;3,3;0,3;3;2,9;2,8;2,6;3
2018/2019;Förderschule;320787;3,9;4,5;4,5;2,3;3,6;0,7;2,3;3,4;5,4;2,9;4,1;3,7;3,7;5,1;5,5;1,9;3,4
2018/2019;Abendschule/Kolleg;42285;0,5;0,3;0,2;0,9;0,7;1,3;0,8;0,6;0,3;0,2;1,1;0,1;0,4;0,6;0,2;0,1;0,1
2018/2019;Insgesamt;8330457;100;100;100;100;100;100;100;100;100;100;100;100;100;100;100;100;100
2019/2020;Vorschulbereich;26601;0,3;0,7;-;-;-;0;4,8;0,6;-;0,3;0,1;0;0,1;-;-;-;-
2019/2020;Primarbereich;2923219;35,1;35,1;35,5;36,6;36,3;34,4;33,2;35;36,9;34;33,8;34,6;34,8;38;37,5;36,3;38,3
2019/2020;  1;715296;8,6;8,9;8,9;6;9,3;8,1;8,5;9;9,6;8,3;8,2;8,7;8,5;9,7;9;9,2;9,3
2019/2020;  2;758004;9,1;8,8;9;10,7;9,1;8,5;8,3;8,7;9,3;8,6;9,1;8,7;8,6;9,6;10,8;9,5;10,4
2019/2020;  3;730875;8,8;8,8;8,8;10,1;9;8,8;8,2;8,7;9,1;8,6;8,4;8,7;8,7;9,7;9;8,8;9,4
2019/2020;  4;713139;8,6;8,6;8,8;8,4;9;8,5;8,2;8,5;9;8,6;8,2;8,5;8,6;9;8,8;8,8;9,2
2019/2020;  Primarbereich, ohne Angabe;5905;0,1;-;-;1,4;-;0,6;-;-;-;0;-;-;0,5;-;-;-;-
2019/2020;Sekundarbereich I;4115949;49,4;50,3;51;47,1;47,3;50,3;43,8;50;46,5;54,1;47,9;49,5;48,3;47,5;47,2;49,7;48,5
2019/2020;  5;715035;8,6;8,7;9;8,2;8,7;8,5;7,9;8,6;8,9;8,6;8,1;8,3;8,7;9;8,9;8,8;9
2019/2020;  6;738765;8,9;9;9,2;9,7;8,8;8,4;8,1;8,7;8,8;8,9;8,6;8,7;9;9;8,8;8,9;9,1
2019/2020;  Jahrgangsstufe 5 und 6 zusammen;1453800;17,5;17,8;18,2;17,9;17,5;16,9;16;17,3;17,8;17,5;16,7;17,1;17,6;18;17,7;17,7;18,1
2019/2020;  7;723303;8,7;9,1;9,1;8,1;8,5;8,7;7,9;8,6;8,3;9;8,4;8,4;9,1;8,6;8,5;8,8;8,7
2019/2020;  8;729888;8,8;9,1;9,1;8;8,4;8,6;7,7;8,7;8,4;9,3;8,6;8,5;9;8,4;8,5;9,1;8,9
2019/2020;  9;752700;9;9,2;9,8;8,1;8,4;8,7;7,8;8,9;8,5;9,4;9,1;8,7;9;8,3;8,4;9,6;8,7
2019/2020;  10;453834;5,5;5,1;4,8;4,9;4,4;6,6;4,4;6,5;3,5;8,8;5,2;6,7;3,4;4,2;4,1;4,6;4,1
2019/2020;  Sekundarbereich I, ohne Angabe;2424;0;-;0;-;-;0,9;-;-;-;0,2;-;-;0,2;0;-;-;-
2019/2020;Sekundarbereich II;304096;3,7;1,1;0,1;4,1;2,4;7,7;5,8;9,1;1;8,2;3,2;10,9;3,2;0,1;0,4;4,6;0,8
2019/2020;  11;121272;1,5;0,6;0,1;1,4;0,9;2,8;2;3,1;0,4;4;1,3;4;1,3;0;0,2;1,6;0,3
2019/2020;  12;107712;1,3;0,4;0;1,4;0,8;2,6;2;2,9;0,3;3,7;1;3,6;1,2;0;0,1;1,6;0,3
2019/2020;  13;74997;0,9;0,2;0;1,2;0,7;2,2;1,8;3,1;0,3;0,6;0,9;3,3;0,7;0;0,1;1,4;0,2
2019/2020;  Sekundarbereich II, ohne Angabe;115;0;-;-;-;-;0,2;-;-;-;-;-;-;-;-;-;-;-
2019/2020;Eingangsphase E;201765;2,4;2,7;3;3,3;3,6;2;3,3;-;3,5;0;3,3;0,4;3,1;3,2;3,2;2,6;3,3
2019/2020;Qualifizierungsstufe Q1;194190;2,3;2,6;2,9;3,2;3,3;1,8;3,1;-;3,3;0;3,3;0,3;3,2;2,9;3;2,3;2,9
2019/2020;Qualifizierungsstufe Q2;186576;2,2;2,6;2,8;2,8;2,9;1,8;2,9;-;3,1;0,1;3,2;0,3;2,9;2,8;2,8;2,3;2,8
2019/2020;Förderschule;325218;3,9;4,7;4,5;2,2;3,5;0,7;2,2;3,3;5,4;2,9;4,2;3,8;3,9;5;5,7;1,9;3,4
2019/2020;Abendschule/Kolleg;39915;0,5;0,3;0,2;0,8;0,7;1,2;0,7;0,5;0,3;0,2;1;0,1;0,4;0,6;0,2;0,1;0,1
2019/2020;Insgesamt;8326884;100;100;100;100;100;100;100;100;100;100;100;100;100;100;100;100;100
2020/2021;Vorschulbereich;26130;0,3;0,7;-;-;-;0;4,9;0,6;-;0,3;0,1;0;0,1;-;-;-;-
2020/2021;Primarbereich;2945874;35,2;35,1;35,6;36,5;36,1;34,8;33,3;35;36,8;33,6;34,1;35;34,9;37,8;37,3;36,6;38,3
2020/2021;  1;732078;8,7;8,8;8,9;6,2;9,3;9;8,6;9,1;9,7;8,6;8,4;9;8,7;9,8;9;9,6;9,5
2020/2021;  2;756990;9;8,9;8,9;10,5;9,1;8,6;8,4;8,7;9,3;8,3;9,1;8,8;8,4;9,4;10,6;9,4;10,2
2020/2021;  3;737652;8,8;8,7;9;11,4;8,8;8,6;8,2;8,6;8,9;8,2;8,4;8,7;8,6;9,6;8,9;8,8;9,4
2020/2021;  4;718368;8,6;8,6;8,8;8,2;8,9;8,7;8,1;8,6;9;8,4;8,2;8,6;8,5;9,1;8,8;8,8;9,3
2020/2021;  Primarbereich, ohne Angabe;786;0;-;-;-;-;-;-;-;-;0;-;-;0,7;-;-;-;-
2020/2021;Sekundarbereich I;4116621;49,1;50,1;50,9;47;47,6;50,2;43,7;49,9;47,2;52,2;47,5;49,3;47,9;47,7;47,4;49,5;48,7
2020/2021;  5;716979;8,6;8,8;9;8,1;8,8;8,5;8;8,4;8,9;8,3;8,2;8,3;8,8;8,9;8,6;8,8;9
2020/2021;  6;725604;8,7;8,8;9;9,6;8,5;8,5;7,9;8,6;8,8;8,5;8,2;8,4;8,8;9;8,9;8,9;9
2020/2021;  Jahrgangsstufe 5 und 6 zusammen;1442583;17,2;17,7;18;17,8;17,4;17;15,9;17;17,7;16,8;16,4;16,7;17,6;17,9;17,5;17,6;18
2020/2021;  7;736947;8,8;9,1;9,3;8,1;8,8;8,6;7,9;8,7;8,7;8,8;8,5;8,7;8,9;8,8;8,8;9;8,9
2020/2021;  8;728028;8,7;9,1;9,1;8,1;8,4;8,8;7,8;8,6;8,3;8,9;8,4;8,5;9,2;8,5;8,6;9;8,8
2020/2021;  9;745848;8,9;9,2;9,7;8,1;8,4;8,9;7,7;8,7;8,5;9;8,8;8,7;8,7;8,2;8,4;9,4;8,9
2020/2021;  10;461616;5,5;5;4,8;4,9;4,6;6,9;4,4;6,9;3,9;8,5;5,4;6,8;3,4;4,3;4,2;4,5;4,1
2020/2021;  Sekundarbereich I, ohne Angabe;1599;0;-;0;-;-;-;-;-;-;0,1;-;-;0,2;0;-;0;-
2020/2021;Sekundarbereich II;338763;4;1,5;0,1;4,2;2,5;7,5;5,7;9,2;1;10,8;3,4;10,7;3,6;0,1;0,5;4,6;0,8
2020/2021;  11;126888;1,5;0,6;0;1,5;0,9;2,7;2;3,6;0,4;4;1,3;3,9;1,2;0;0,2;1,7;0,4
2020/2021;  12;115773;1,4;0,6;0;1,5;0,8;2,6;1,9;3;0,4;3,7;1,2;3,5;1,3;0;0,2;1,5;0,3
2020/2021;  13;96102;1,1;0,3;0;1,2;0,7;2,2;1,8;2,6;0,3;3,2;0,9;3,3;1;0;0,1;1,4;0,2
2020/2021;  Sekundarbereich II, ohne Angabe;-;-;-;-;-;-;-;-;-;-;-;-;-;-;-;-;-;-
2020/2021;Eingangsphase E;201951;2,4;2,7;3;3,3;3,5;2;3,4;-;3,4;-;3,3;0,4;3,4;3,1;3,2;2,6;3,1
2020/2021;Qualifizierungsstufe Q1;193896;2,3;2,5;2,9;3,3;3,3;1,8;3,2;-;3,5;-;3,2;0,3;3,1;3;3;2,4;3
2020/2021;Qualifizierungsstufe Q2;182463;2,2;2,4;2,9;2,8;3;1,7;2,9;-;2,9;-;3,1;0,3;2,9;2,7;2,6;2,2;2,7
2020/2021;Förderschule;327486;3,9;4,7;4,5;2,2;3,5;0,7;2,2;3,3;5;2,9;4,2;3,8;3,8;5;5,9;2;3,4
2020/2021;Abendschule/Kolleg;38571;0,5;0,3;0,2;0,8;0,6;1,2;0,7;0,5;0,2;0,2;1;0,1;0,3;0,5;0,2;0,1;0
2020/2021;Insgesamt;8380767;100;100;100;100;100;100;100;100;100;100;100;100;100;100;100;100;100
;;;;;;;;;;;;;;;;;;;
"Quelle: Deutsches Zentrum für Hochschul- und Wissenschaftsforschung, Berechnungen; Statistisches Bundesamt, Fachserie 11 Reihe 1";;;;;;;;;;;;;;;;;;;
;;;;;;;;;;;;;;;;;;;
Anmerkungen:;;;;;;;;;;;;;;;;;;;
1) Seit dem Schuljahr 2008/2009 gibt es getrennte Nachweise nach Klassen-/Jahrgangsstufen für acht- bzw. neunjährige Gymnasien. Die neunjährigen Gymnasien (G9-Gymnasien) umfassen die Klassen 5/7 bis 10 im Sekundarbereich I und die Jahrgangsstufen 11 bis 13 im Sekundarbereich II. In achtjährigen Gymnasien (G8-Gymnasien) treten an die Stelle der Jahrgangsstufen 11 bis 13 die Einführungsphase E sowie die Qualifizierungsphasen Q1 und Q2. Für Bundeszwecke bzw. Ländervergleiche werden diese grundsätzlich in der gymnasialen Oberstufe und damit im Sekundarbereich II nachgewiesen. Damit umfasst der Sekundarbereich I der achtjährigen Gymnasien nur noch die Klassenstufen 5 bis 9.;;;;;;;;;;;;;;;;;;;
2) Ab dem Schuljahr 2018/2019 sind Abweichungen in den Summen möglich aufgrund des Rundungsverfahrens zur Sicherstellung der Geheimhaltung in der Statistik der allgemeinbildenden Schulen (siehe Quelle).;;;;;;;;;;;;;;;;;;;
3) Ab dem Schuljahr 2015/2016 einschließlich Schüler/-innen, die keiner Schulart zuzuordnen sind.;;;;;;;;;;;;;;;;;;;
;;;;;;;;;;;;;;;;;;;
- = Keine Daten auszuweisen oder 0.;;;;;;;;;;;;;;;;;;;
;;;;;;;;;;;;;;;;;;;
Auswertung aus der ICE-Datenbank des BMBF (ICE = Information, Controlling, Entscheidung);;;;;;;;;;;;;;;;;;;
Ein System des Deutschen Zentrums für Hochschul- und Wissenschaftsforschung (DZHW), http://www.dzhw.eu;;;;;;;;;;;;;;;;;;;
;;;;;;;;;;;;;;;;;;;
Letzte Aktualisierung: 22. September 2021;;;;;;;;;;;;;;;;;;;
;;;;;;;;;;;;;;;;;;;
Dieses Werk ist lizenziert unter einer Datenlizenz Deutschland Namensnennung 2.0.;;;;;;;;;;;;;;;;;;;
(https://www.govdata.de/dl-de/by-2-0);;;;;;;;;;;;;;;;;;;