siec,unit,geo\time	1990 	1991 	1992 	1993 	1994 	1995 	1996 	1997 	1998 	1999 	2000 	2001 	2002 	2003 	2004 	2005 	2006 	2007 	2008 	2009 	2010 	2011 	2012 	2013 	2014 	2015 	2016 	2017 	2018 	2019 	2020 
C0000X0350-0370,PC,AL	22.665 	28.394 	9.460 	-3.883 	0.000 	0.000 	0.000 	0.000 	0.000 	58.824 	58.904 	75.294 	75.807 	9.375 	9.375 	16.667 	16.667 	16.667 	12.857 	97.661 	97.880 	99.154 	98.478 	98.947 	100.000 	64.100 	95.901 	38.627 	32.637 	57.943 	53.934 
C0000X0350-0370,PC,AT	77.464 	77.717 	95.084 	89.222 	84.256 	75.684 	88.283 	85.745 	93.519 	86.301 	83.931 	89.462 	91.801 	86.573 	98.443 	99.377 	94.058 	102.092 	99.809 	95.880 	99.577 	89.586 	102.771 	94.087 	101.727 	86.926 	95.008 	99.885 	97.607 	96.661 	97.807 
C0000X0350-0370,PC,BA	: 	: 	: 	: 	: 	: 	: 	: 	: 	: 	: 	: 	: 	: 	: 	: 	: 	: 	: 	: 	: 	: 	: 	: 	17.258 	17.839 	14.941 	17.657 	14.883 	19.768 	15.417 
C0000X0350-0370,PC,BE	90.940 	91.422 	97.884 	88.174 	92.344 	108.924 	97.801 	96.097 	100.675 	98.186 	91.241 	106.811 	86.283 	97.556 	101.497 	101.346 	95.975 	96.399 	106.420 	82.701 	97.539 	100.837 	94.278 	93.942 	99.292 	95.736 	94.134 	94.991 	104.125 	102.128 	102.695 
C0000X0350-0370,PC,BG	41.089 	38.842 	29.803 	32.697 	30.477 	31.836 	33.351 	33.409 	33.801 	31.704 	35.200 	35.837 	38.013 	35.698 	40.703 	36.878 	35.207 	38.844 	42.952 	27.193 	24.504 	24.457 	21.497 	16.327 	14.644 	11.220 	9.773 	9.362 	10.148 	7.227 	9.229 
C0000X0350-0370,PC,CY	100.000 	100.000 	100.000 	106.452 	100.000 	100.000 	100.000 	100.000 	80.770 	86.666 	102.041 	111.321 	124.528 	96.226 	68.521 	121.080 	116.613 	67.468 	102.489 	123.607 	65.640 	1.659 	100.000 	100.000 	125.002 	100.000 	0.000 	326.409 	97.544 	117.226 	105.385 
C0000X0350-0370,PC,CZ	-18.087 	-18.317 	-23.315 	-24.303 	-25.091 	-25.394 	-22.808 	-21.585 	-24.242 	-28.183 	-21.976 	-21.031 	-17.330 	-15.995 	-13.844 	-16.210 	-16.349 	-14.880 	-15.609 	-19.578 	-15.256 	-11.301 	-12.265 	-9.915 	-4.517 	-1.823 	-1.322 	2.999 	5.826 	8.687 	12.989 
C0000X0350-0370,PC,DE	2.666 	6.230 	9.240 	9.312 	10.326 	11.224 	13.741 	17.206 	20.550 	21.605 	25.567 	29.897 	29.110 	29.438 	32.570 	31.741 	37.988 	37.027 	38.281 	35.425 	40.012 	41.563 	40.188 	44.468 	44.761 	45.422 	49.609 	45.297 	42.117 	47.245 	44.120 
C0000X0350-0370,PC,DK	102.099 	94.220 	107.773 	88.468 	90.339 	117.940 	86.477 	119.991 	84.149 	90.239 	94.921 	96.575 	88.376 	98.258 	101.382 	94.385 	93.605 	100.345 	108.459 	97.989 	69.377 	110.953 	93.645 	90.766 	104.917 	84.984 	83.739 	117.695 	102.292 	153.955 	74.851 
C0000X0350-0370,PC,EA19	33.167 	37.138 	40.446 	37.401 	38.923 	41.799 	43.251 	43.931 	47.467 	48.755 	52.316 	54.133 	54.220 	54.777 	58.289 	58.002 	61.032 	59.057 	63.005 	58.081 	60.589 	61.160 	60.600 	61.228 	63.332 	63.432 	64.989 	65.543 	62.741 	65.311 	58.875 
C0000X0350-0370,PC,EE	96.858 	87.197 	111.809 	14.768 	144.412 	103.394 	64.919 	14.681 	114.381 	100.182 	125.209 	67.146 	93.346 	202.537 	34.173 	88.351 	170.688 	152.261 	100.318 	3.989 	132.651 	90.945 	150.787 	88.072 	105.698 	-6.784 	70.045 	87.172 	85.235 	107.159 	391.794 
C0000X0350-0370,PC,EL	11.396 	12.004 	17.108 	10.820 	11.575 	11.007 	13.279 	8.894 	9.503 	8.528 	8.497 	9.202 	6.969 	4.732 	5.096 	4.148 	2.670 	4.128 	4.972 	1.999 	5.096 	2.939 	2.278 	3.222 	2.895 	2.838 	4.356 	4.750 	5.136 	6.361 	10.176 
C0000X0350-0370,PC,ES	36.676 	42.328 	45.568 	40.715 	39.466 	45.312 	47.449 	37.109 	47.733 	57.998 	61.317 	58.502 	66.561 	63.313 	67.329 	70.275 	75.613 	66.676 	81.957 	93.023 	92.800 	67.723 	74.799 	66.306 	75.294 	75.387 	71.483 	84.556 	79.858 	89.467 	54.808 
C0000X0350-0370,PC,EU27_2020	18.681 	21.525 	22.641 	19.652 	20.641 	21.796 	23.131 	24.048 	25.910 	26.765 	29.849 	31.318 	32.021 	33.288 	36.106 	35.711 	37.585 	38.332 	41.579 	36.554 	38.235 	40.421 	39.847 	39.039 	41.490 	40.994 	41.102 	43.249 	43.766 	43.259 	35.838 
C0000X0350-0370,PC,FI	106.961 	92.792 	89.908 	97.074 	106.939 	89.470 	87.400 	100.564 	90.567 	73.776 	97.630 	100.975 	88.853 	112.892 	102.354 	101.974 	88.455 	95.100 	112.617 	108.196 	86.302 	115.327 	86.827 	88.331 	117.483 	91.310 	91.780 	91.479 	100.667 	98.861 	92.237 
C0000X0350-0370,PC,FR	63.949 	65.551 	74.657 	61.562 	54.508 	56.387 	64.020 	66.224 	74.805 	79.108 	86.282 	88.166 	92.822 	81.754 	94.264 	94.378 	104.870 	92.221 	109.970 	91.658 	100.960 	100.722 	96.707 	93.953 	98.998 	98.388 	93.660 	101.944 	101.006 	99.554 	96.299 
C0000X0350-0370,PC,HR	75.629 	58.261 	93.257 	77.618 	76.919 	86.214 	69.551 	59.797 	82.141 	121.898 	110.931 	92.728 	101.175 	99.820 	109.338 	91.319 	108.978 	101.828 	112.245 	89.752 	102.508 	98.401 	87.870 	110.070 	92.339 	103.036 	102.035 	100.725 	91.331 	107.309 	105.977 
C0000X0350-0370,PC,HU	26.278 	37.252 	26.310 	26.802 	33.171 	29.809 	30.552 	29.935 	26.115 	25.733 	28.088 	27.549 	24.847 	26.725 	31.588 	42.455 	40.783 	43.996 	46.606 	37.009 	41.883 	36.190 	34.112 	26.542 	27.909 	33.679 	32.467 	44.121 	48.409 	45.682 	43.677 
C0000X0350-0370,PC,IE	95.537 	98.037 	103.792 	100.138 	89.149 	106.102 	93.333 	108.381 	99.207 	96.338 	93.250 	100.420 	102.912 	95.772 	102.762 	100.823 	100.216 	90.052 	113.208 	112.678 	77.692 	114.526 	89.555 	112.413 	97.780 	102.975 	84.274 	109.797 	112.854 	68.227 	60.334 
C0000X0350-0370,PC,IS	100.000 	100.000 	100.000 	100.000 	100.000 	100.000 	100.000 	100.000 	100.000 	100.000 	100.000 	100.000 	100.000 	100.000 	100.000 	100.000 	100.000 	108.360 	90.852 	105.877 	96.466 	98.112 	104.778 	100.000 	100.000 	100.000 	100.000 	100.000 	100.000 	100.000 	100.000 
C0000X0350-0370,PC,IT	93.928 	99.144 	99.054 	92.348 	95.338 	105.945 	101.969 	94.387 	98.390 	100.583 	104.619 	101.128 	95.532 	97.661 	101.121 	99.423 	99.653 	99.241 	101.813 	97.321 	100.829 	96.050 	96.642 	96.205 	98.702 	100.150 	97.519 	100.193 	100.981 	98.556 	93.027 
C0000X0350-0370,PC,LT	97.007 	100.000 	139.666 	51.613 	96.473 	69.086 	120.628 	82.405 	102.367 	83.029 	101.737 	90.834 	105.813 	108.156 	100.804 	101.011 	99.737 	93.904 	113.943 	83.033 	95.676 	110.947 	95.936 	107.663 	98.115 	90.642 	91.752 	107.802 	99.009 	108.103 	87.876 
C0000X0350-0370,PC,LU	100.000 	100.000 	100.000 	100.000 	100.000 	100.000 	100.000 	100.000 	100.000 	100.000 	100.000 	100.000 	100.000 	100.000 	100.000 	100.000 	100.000 	100.000 	100.000 	100.000 	102.227 	98.703 	98.005 	94.572 	106.827 	99.841 	106.764 	96.213 	100.888 	93.136 	112.266 
C0000X0350-0370,PC,LV	99.200 	100.000 	97.753 	88.091 	87.796 	93.061 	87.419 	109.656 	87.694 	98.541 	84.141 	70.844 	100.000 	122.423 	96.175 	97.658 	122.038 	92.160 	99.974 	94.079 	106.468 	102.285 	99.312 	91.219 	77.451 	85.185 	85.946 	88.524 	91.330 	110.791 	89.617 
C0000X0350-0370,PC,ME	: 	: 	: 	: 	: 	: 	: 	: 	: 	: 	: 	: 	: 	: 	: 	-2.107 	-5.034 	-2.784 	-0.042 	-1.947 	-2.830 	-2.748 	-3.118 	-1.196 	-1.534 	-3.081 	-2.719 	-6.653 	-5.621 	-7.055 	-4.694 
C0000X0350-0370,PC,MK	7.305 	6.085 	5.844 	5.575 	3.576 	4.674 	4.942 	5.015 	12.661 	7.466 	6.624 	5.570 	5.141 	10.595 	5.943 	7.912 	9.558 	10.506 	10.199 	3.168 	9.290 	9.022 	9.517 	8.607 	11.052 	8.878 	12.743 	9.115 	13.858 	11.742 	10.602 
C0000X0350-0370,PC,MT	100.000 	100.000 	100.000 	100.000 	102.941 	71.154 	0.000 	0.000 	0.000 	0.000 	0.000 	0.000 	0.000 	0.000 	0.000 	0.000 	0.000 	0.000 	0.000 	0.000 	0.000 	0.000 	0.000 	0.000 	0.000 	0.000 	0.000 	0.000 	0.000 	0.000 	0.000 
C0000X0350-0370,PC,NL	99.452 	100.042 	100.055 	99.171 	100.621 	100.766 	99.220 	102.811 	101.091 	97.314 	99.394 	100.349 	99.686 	98.886 	101.018 	101.267 	98.685 	100.646 	99.178 	97.889 	101.380 	100.911 	98.932 	97.605 	102.585 	96.563 	99.554 	100.826 	99.813 	102.148 	91.935 
C0000X0350-0370,PC,NO	77.441 	69.970 	80.941 	75.544 	79.256 	83.891 	84.933 	77.148 	78.322 	72.821 	57.071 	-13.307 	-84.253 	-139.527 	-109.405 	-53.076 	-126.196 	-192.851 	-175.224 	-202.112 	-50.207 	-26.293 	-6.527 	-86.761 	-30.440 	0.170 	15.951 	88.900 	86.021 	90.445 	92.151 
C0000X0350-0370,PC,PL	-25.515 	-22.009 	-22.878 	-22.204 	-27.791 	-30.160 	-25.061 	-25.989 	-26.595 	-25.634 	-28.977 	-29.268 	-28.418 	-26.188 	-27.598 	-23.767 	-21.464 	-15.272 	-6.523 	-5.166 	-4.964 	-0.999 	-6.437 	-10.173 	-8.565 	-11.436 	-11.704 	-2.963 	8.227 	6.018 	0.334 
C0000X0350-0370,PC,PT	108.465 	93.640 	96.173 	96.526 	96.787 	105.829 	97.907 	104.515 	101.062 	98.643 	102.868 	92.953 	99.944 	99.726 	95.207 	96.301 	105.555 	100.504 	91.148 	106.755 	98.289 	97.244 	103.324 	95.416 	96.886 	98.477 	102.301 	105.604 	98.914 	122.131 	-6.515 
C0000X0350-0370,PC,RO	36.809 	28.664 	37.442 	21.463 	26.075 	26.589 	25.000 	35.620 	31.823 	24.407 	25.506 	29.796 	31.338 	28.396 	32.971 	33.173 	28.334 	34.231 	26.471 	13.245 	16.860 	13.312 	16.163 	18.246 	16.643 	16.658 	19.478 	18.364 	17.562 	22.038 	22.000 
C0000X0350-0370,PC,RS	0.000 	0.000 	2.894 	0.000 	0.419 	-0.131 	1.365 	-0.378 	3.693 	1.895 	3.396 	1.930 	1.894 	3.436 	5.336 	8.153 	10.402 	8.382 	9.535 	7.287 	9.364 	9.067 	5.310 	3.472 	7.497 	8.035 	7.890 	8.506 	10.113 	10.462 	6.512 
C0000X0350-0370,PC,SE	94.307 	90.259 	93.979 	91.878 	93.914 	103.227 	87.052 	107.570 	101.979 	100.140 	105.363 	95.767 	91.300 	106.855 	97.717 	105.920 	93.079 	98.299 	104.410 	76.985 	113.726 	103.684 	82.551 	89.742 	101.198 	97.375 	115.743 	101.303 	100.259 	103.209 	100.347 
C0000X0350-0370,PC,SI	8.965 	7.973 	5.240 	11.359 	10.978 	13.655 	17.360 	14.029 	16.048 	22.652 	18.774 	18.534 	19.596 	20.401 	21.864 	20.998 	20.042 	20.639 	28.745 	17.882 	19.259 	17.532 	21.547 	19.500 	21.564 	19.108 	17.260 	17.357 	18.875 	20.082 	17.580 
C0000X0350-0370,PC,SK	78.088 	80.493 	81.574 	81.428 	82.577 	76.647 	85.114 	82.251 	73.096 	73.136 	80.195 	77.948 	77.075 	79.641 	83.129 	88.348 	80.839 	95.439 	85.910 	83.068 	75.736 	81.717 	89.659 	80.604 	83.330 	84.537 	83.260 	87.818 	91.865 	92.216 	86.166 
C0000X0350-0370,PC,TR	24.873 	26.017 	24.750 	26.098 	25.478 	26.610 	32.012 	34.898 	35.425 	32.670 	39.100 	29.835 	41.659 	49.516 	50.100 	51.942 	51.687 	49.432 	43.987 	44.221 	47.113 	47.294 	56.068 	58.551 	57.064 	63.181 	61.733 	61.706 	59.601 	57.745 	63.656 
C0000X0350-0370,PC,UK	13.515 	18.902 	21.990 	23.043 	19.354 	22.151 	26.387 	31.795 	35.186 	37.189 	39.599 	55.903 	48.222 	50.656 	60.373 	72.263 	76.086 	68.577 	75.724 	79.795 	50.341 	63.637 	68.693 	84.823 	89.521 	59.151 	50.153 	57.769 	81.818 	74.003 	: 
C0000X0350-0370,PC,XK	: 	: 	: 	: 	: 	: 	: 	: 	: 	: 	0.874 	0.778 	0.784 	0.834 	0.966 	1.521 	1.820 	1.007 	1.125 	0.438 	1.554 	1.883 	3.319 	0.595 	0.240 	-0.100 	-0.113 	0.020 	0.045 	-0.184 	0.316 
G3000,PC,AL	0.000 	0.000 	0.000 	0.000 	0.000 	0.000 	0.000 	0.000 	0.000 	0.000 	0.000 	0.000 	0.000 	0.000 	0.000 	0.000 	0.000 	0.000 	0.000 	0.000 	0.000 	0.000 	0.000 	0.000 	0.000 	0.000 	0.000 	0.000 	0.000 	0.000 	0.000 
G3000,PC,AT	85.713 	79.440 	80.772 	80.692 	72.594 	84.775 	82.449 	78.434 	78.653 	75.979 	80.582 	72.177 	72.239 	80.219 	79.901 	88.453 	88.199 	82.665 	88.464 	86.896 	75.284 	104.320 	87.297 	74.713 	98.277 	72.601 	85.895 	90.221 	88.160 	122.849 	73.247 
G3000,PC,BA	: 	: 	: 	: 	: 	: 	: 	: 	: 	: 	: 	: 	: 	: 	: 	: 	: 	: 	: 	: 	: 	: 	: 	: 	100.000 	100.000 	100.000 	100.000 	100.011 	100.000 	100.000 
G3000,PC,BE	100.587 	99.153 	100.970 	100.650 	101.074 	98.186 	100.534 	100.137 	99.659 	101.075 	99.321 	99.653 	102.055 	98.897 	99.925 	100.517 	99.803 	99.473 	100.399 	99.311 	100.269 	100.501 	98.614 	100.516 	101.176 	99.324 	100.559 	98.410 	100.551 	101.797 	99.132 
G3000,PC,BG	100.640 	97.414 	99.870 	99.326 	97.861 	99.526 	101.152 	104.114 	99.711 	102.625 	93.542 	99.739 	103.995 	94.247 	95.835 	87.653 	89.935 	91.462 	96.232 	98.620 	92.636 	86.088 	83.338 	92.825 	94.067 	97.007 	96.452 	97.609 	98.729 	100.398 	96.420 
G3000,PC,CY	0.000 	0.000 	0.000 	0.000 	0.000 	0.000 	0.000 	0.000 	0.000 	0.000 	0.000 	0.000 	0.000 	0.000 	0.000 	0.000 	0.000 	0.000 	0.000 	0.000 	0.000 	0.000 	0.000 	0.000 	0.000 	0.000 	0.000 	0.000 	0.000 	0.000 	0.000 
G3000,PC,CZ	91.195 	108.766 	94.259 	95.826 	100.415 	98.049 	100.108 	99.248 	99.059 	96.319 	99.758 	96.317 	102.001 	98.163 	91.092 	97.807 	104.445 	93.439 	98.668 	104.009 	84.838 	110.225 	88.993 	100.216 	96.272 	95.089 	95.707 	101.857 	96.838 	109.753 	86.038 
G3000,PC,DE	75.939 	75.219 	78.103 	79.385 	81.103 	78.613 	79.690 	80.838 	77.060 	79.588 	79.141 	76.989 	79.490 	78.669 	83.749 	79.632 	81.956 	77.710 	82.233 	85.762 	81.213 	86.754 	85.687 	86.921 	89.426 	90.057 	88.560 	91.373 	95.893 	100.068 	89.104 
G3000,PC,DK	-51.058 	-60.825 	-63.427 	-58.901 	-54.807 	-47.199 	-45.673 	-70.988 	-58.941 	-57.172 	-64.787 	-65.956 	-64.496 	-55.666 	-79.662 	-113.888 	-103.337 	-99.698 	-120.970 	-91.842 	-68.334 	-55.119 	-53.133 	-23.231 	-46.864 	-48.153 	-44.595 	-56.066 	-38.494 	-7.164 	37.417 
G3000,PC,EA19	53.857 	51.395 	52.571 	50.200 	53.029 	54.743 	54.567 	58.753 	59.806 	65.738 	68.828 	65.048 	69.545 	69.865 	69.678 	72.274 	74.611 	71.909 	73.042 	73.981 	70.702 	74.558 	71.893 	70.175 	74.587 	78.291 	78.407 	83.044 	87.211 	91.864 	86.774 
G3000,PC,EE	100.000 	100.000 	100.000 	100.000 	100.000 	100.000 	100.000 	100.000 	100.000 	100.000 	100.000 	100.000 	100.000 	100.000 	100.000 	100.000 	100.000 	100.000 	100.000 	100.000 	100.000 	100.000 	100.000 	100.000 	100.000 	100.000 	100.000 	100.000 	100.000 	100.000 	100.000 
G3000,PC,EL	0.000 	0.000 	0.000 	0.000 	0.000 	0.000 	15.569 	75.638 	95.152 	99.850 	99.062 	99.215 	97.416 	98.809 	97.534 	99.094 	99.063 	99.130 	100.010 	99.728 	99.882 	100.031 	100.321 	99.950 	99.288 	99.877 	99.218 	100.509 	100.665 	98.987 	100.694 
G3000,PC,ES	74.237 	78.538 	82.663 	88.643 	103.060 	97.394 	96.212 	102.052 	103.865 	104.617 	101.628 	96.505 	100.951 	99.136 	97.790 	101.355 	101.325 	99.121 	100.937 	98.896 	99.424 	101.613 	98.246 	98.621 	103.536 	96.890 	98.742 	101.292 	101.419 	101.495 	97.474 
G3000,PC,EU27_2020	51.840 	49.826 	50.695 	48.747 	51.387 	53.568 	54.449 	57.390 	58.442 	63.085 	65.721 	62.501 	66.701 	67.344 	66.769 	68.986 	71.235 	68.666 	70.137 	70.679 	67.763 	71.625 	69.243 	68.279 	71.914 	74.492 	75.692 	80.190 	83.258 	89.633 	83.597 
G3000,PC,FI	100.000 	100.000 	100.000 	100.000 	100.000 	100.000 	100.000 	100.000 	100.000 	100.000 	100.000 	100.000 	100.000 	100.000 	100.000 	100.000 	100.000 	100.000 	100.000 	100.000 	100.000 	100.000 	100.000 	100.000 	100.000 	100.000 	100.000 	98.890 	100.253 	100.563 	100.293 
G3000,PC,FR	93.619 	90.201 	93.514 	86.954 	94.406 	92.954 	90.606 	93.654 	90.168 	102.171 	100.034 	93.085 	98.017 	95.465 	96.316 	99.256 	99.614 	96.475 	97.792 	100.861 	92.810 	103.328 	96.807 	97.909 	103.820 	98.506 	98.980 	98.030 	104.715 	104.466 	94.720 
G3000,PC,HR	26.215 	32.114 	27.957 	29.012 	29.001 	11.567 	33.127 	38.011 	41.755 	41.368 	40.964 	29.557 	24.888 	27.624 	23.461 	23.697 	8.023 	9.175 	16.564 	8.087 	18.063 	19.510 	37.047 	31.827 	28.593 	27.101 	33.519 	53.804 	53.272 	66.406 	68.774 
G3000,PC,HU	58.006 	56.174 	52.939 	57.033 	53.495 	60.294 	70.968 	67.459 	72.417 	73.860 	75.415 	72.668 	80.522 	83.625 	79.217 	81.094 	82.195 	79.939 	88.125 	85.629 	78.715 	65.568 	72.274 	72.126 	97.666 	69.674 	78.882 	96.250 	77.943 	115.206 	75.622 
G3000,PC,IE	0.000 	0.000 	0.000 	0.189 	0.104 	3.634 	18.234 	31.225 	49.803 	63.186 	72.109 	81.622 	81.582 	85.788 	81.200 	86.101 	90.978 	92.137 	92.210 	93.990 	95.279 	95.563 	95.211 	96.296 	96.236 	96.326 	40.030 	32.681 	38.781 	52.993 	63.742 
G3000,PC,IS	0.000 	0.000 	0.000 	0.000 	0.000 	0.000 	0.000 	0.000 	0.000 	0.000 	0.000 	0.000 	0.000 	0.000 	0.000 	0.000 	0.000 	0.000 	0.000 	0.000 	0.000 	0.000 	0.000 	0.000 	0.000 	0.000 	0.000 	0.000 	0.000 	0.000 	0.000 
G3000,PC,IT	64.898 	66.360 	68.797 	63.770 	59.705 	63.894 	66.062 	67.339 	68.240 	72.857 	81.132 	77.127 	84.077 	80.345 	83.754 	84.697 	91.178 	87.025 	90.309 	88.595 	90.512 	90.154 	90.217 	88.110 	89.676 	90.406 	91.761 	92.317 	92.866 	95.057 	92.848 
G3000,PC,LT	100.000 	100.000 	100.000 	100.000 	100.000 	100.000 	100.000 	100.000 	100.000 	100.759 	100.040 	99.925 	99.926 	100.035 	99.794 	100.651 	101.033 	102.904 	96.302 	100.370 	99.708 	100.267 	100.061 	100.038 	104.135 	99.706 	100.605 	99.320 	98.920 	99.965 	98.929 
G3000,PC,LU	100.000 	100.000 	100.000 	100.000 	100.000 	100.000 	100.000 	100.000 	100.000 	100.000 	100.000 	100.000 	100.000 	100.000 	100.000 	100.000 	100.000 	100.000 	100.000 	100.000 	100.000 	100.000 	100.000 	100.000 	100.000 	100.000 	100.000 	100.000 	100.000 	100.000 	100.000 
G3000,PC,LV	107.593 	100.000 	123.720 	66.786 	98.248 	98.963 	100.089 	99.397 	106.389 	103.614 	101.913 	85.605 	88.565 	104.353 	130.487 	105.606 	108.769 	96.765 	82.162 	114.062 	61.779 	109.413 	113.794 	115.588 	72.123 	98.565 	82.892 	101.989 	98.834 	100.032 	100.099 
G3000,PC,ME	: 	: 	: 	: 	: 	: 	: 	: 	: 	: 	: 	: 	: 	: 	: 	0.000 	0.000 	0.000 	0.000 	0.000 	0.000 	0.000 	0.000 	0.000 	0.000 	0.000 	0.000 	0.000 	0.000 	0.000 	0.000 
G3000,PC,MK	0.000 	0.000 	0.000 	0.000 	0.000 	0.000 	0.000 	0.000 	102.599 	101.428 	99.285 	99.851 	100.375 	100.032 	100.147 	99.520 	100.448 	100.100 	99.978 	99.867 	100.090 	100.000 	100.000 	100.066 	99.865 	100.019 	100.000 	100.076 	100.062 	99.965 	99.992 
G3000,PC,MT	0.000 	0.000 	0.000 	0.000 	0.000 	0.000 	0.000 	0.000 	0.000 	0.000 	0.000 	0.000 	0.000 	0.000 	0.000 	0.000 	0.000 	0.000 	0.000 	0.000 	0.000 	0.000 	0.000 	0.000 	0.000 	0.000 	0.000 	105.197 	109.481 	103.623 	96.165 
G3000,PC,NL	-77.443 	-79.393 	-85.987 	-84.143 	-79.452 	-76.444 	-81.287 	-70.611 	-63.852 	-56.506 	-49.096 	-56.229 	-51.535 	-45.025 	-67.635 	-59.277 	-61.701 	-63.574 	-72.908 	-60.458 	-60.423 	-68.143 	-75.970 	-86.935 	-74.846 	-36.656 	-32.799 	-4.364 	14.959 	25.948 	45.032 
G3000,PC,NO	-1122.013 	-1137.694 	-695.707 	-587.389 	-602.034 	-716.334 	-1131.685 	-945.973 	-860.513 	-828.006 	-1016.692 	-708.709 	-1298.906 	-1181.816 	-1627.512 	-1743.107 	-1801.847 	-1504.252 	-1152.836 	-1228.820 	-1385.840 	-1687.439 	-1750.069 	-1614.268 	-1571.275 	-1552.299 	-1722.399 	-2069.521 	-1820.885 	-1905.009 	-2031.075 
G3000,PC,PL	75.777 	68.509 	68.670 	57.278 	60.609 	64.594 	66.685 	69.901 	67.838 	67.183 	66.337 	69.176 	66.059 	66.592 	68.342 	69.732 	70.732 	66.022 	72.614 	67.345 	69.305 	75.097 	73.396 	74.202 	71.971 	72.206 	78.378 	77.772 	77.602 	82.370 	78.252 
G3000,PC,PT	0.000 	0.000 	0.000 	0.000 	0.000 	0.000 	0.000 	114.484 	100.000 	100.400 	100.265 	99.869 	99.904 	100.267 	100.037 	103.794 	100.606 	98.748 	100.141 	101.166 	100.366 	101.559 	99.734 	101.519 	100.036 	100.357 	98.571 	100.418 	101.057 	99.930 	99.280 
G3000,PC,RO	20.555 	15.716 	16.906 	17.745 	20.127 	24.919 	29.119 	25.288 	25.594 	18.489 	19.823 	17.515 	22.965 	28.765 	29.500 	30.096 	33.743 	30.286 	29.039 	15.104 	16.831 	22.186 	21.317 	11.843 	4.976 	1.802 	13.025 	9.697 	12.026 	23.175 	16.634 
G3000,PC,RS	79.609 	75.745 	69.645 	51.352 	44.828 	49.730 	77.135 	77.819 	72.568 	59.973 	59.332 	73.728 	79.073 	83.794 	88.887 	88.262 	88.160 	89.928 	89.288 	90.409 	84.541 	73.136 	84.937 	80.519 	69.021 	79.165 	75.579 	82.087 	82.108 	90.387 	79.643 
G3000,PC,SE	100.000 	100.000 	100.000 	100.000 	100.000 	100.000 	100.000 	100.000 	100.000 	100.000 	100.000 	100.000 	100.000 	100.000 	100.000 	100.000 	100.000 	100.000 	100.000 	100.000 	100.000 	100.000 	100.000 	100.000 	100.000 	100.000 	100.000 	100.000 	100.000 	100.000 	100.000 
G3000,PC,SI	94.806 	96.458 	97.639 	96.916 	100.468 	100.594 	98.472 	98.702 	99.163 	99.428 	99.268 	99.393 	99.371 	99.528 	99.519 	99.630 	99.618 	99.718 	99.706 	99.690 	99.305 	99.767 	99.758 	99.627 	99.588 	99.612 	99.393 	99.028 	98.119 	99.201 	99.371 
G3000,PC,SK	105.211 	94.468 	96.257 	86.192 	91.373 	86.794 	92.070 	92.528 	94.462 	91.386 	98.796 	91.851 	100.063 	97.049 	103.261 	97.481 	96.560 	97.864 	96.311 	108.579 	99.925 	104.800 	89.813 	95.337 	104.812 	95.052 	92.848 	105.587 	89.556 	136.632 	88.052 
G3000,PC,TR	93.916 	95.232 	95.749 	96.194 	96.722 	97.894 	97.938 	97.999 	94.569 	95.009 	95.358 	98.846 	97.319 	97.528 	96.863 	97.112 	96.942 	97.842 	100.200 	100.083 	98.059 	96.600 	100.116 	97.755 	99.588 	99.947 	98.293 	101.663 	99.583 	98.788 	98.580 
G3000,PC,UK	13.088 	10.952 	9.253 	5.586 	3.019 	0.977 	0.469 	-0.772 	-2.049 	-6.578 	-10.653 	-9.625 	-8.134 	-8.176 	1.669 	6.988 	11.784 	20.287 	26.103 	33.168 	39.970 	46.231 	49.268 	51.591 	46.612 	43.346 	46.024 	45.160 	49.358 	49.837 	: 
G3000,PC,XK	: 	: 	: 	: 	: 	: 	: 	: 	: 	: 	0.000 	0.000 	0.000 	0.000 	0.000 	0.000 	0.000 	0.000 	0.000 	0.000 	0.000 	0.000 	0.000 	0.000 	0.000 	0.000 	0.000 	0.000 	0.000 	0.000 	0.000 
O4000XBIO,PC,AL	0.904 	-8.737 	-1.896 	2.816 	9.610 	15.456 	18.329 	24.528 	32.004 	68.149 	69.526 	71.513 	69.848 	72.627 	69.859 	72.185 	58.682 	57.810 	62.829 	61.658 	47.637 	30.864 	2.005 	26.113 	23.111 	6.395 	26.408 	40.254 	33.284 	28.314 	37.374 
O4000XBIO,PC,AT	90.207 	87.415 	89.055 	85.891 	89.707 	89.325 	90.894 	90.163 	93.634 	91.018 	89.043 	89.079 	93.789 	93.570 	93.687 	92.053 	95.689 	91.962 	92.867 	91.546 	90.404 	92.308 	92.243 	92.440 	91.418 	93.835 	91.802 	92.212 	93.985 	95.653 	97.468 
O4000XBIO,PC,BA	: 	: 	: 	: 	: 	: 	: 	: 	: 	: 	: 	: 	: 	: 	: 	: 	: 	: 	: 	: 	: 	: 	: 	: 	96.591 	104.760 	104.837 	100.316 	97.049 	93.188 	99.810 
O4000XBIO,PC,BE	98.427 	100.758 	100.136 	99.340 	100.939 	99.566 	100.453 	99.601 	101.779 	96.617 	100.157 	100.821 	98.924 	100.801 	99.813 	100.759 	100.778 	97.391 	101.262 	99.182 	101.319 	100.535 	99.213 	101.920 	100.992 	103.780 	98.694 	97.055 	100.677 	101.483 	102.725 
O4000XBIO,PC,BG	88.447 	101.535 	91.252 	101.766 	98.150 	99.969 	101.071 	99.785 	98.491 	94.369 	96.015 	98.432 	98.875 	97.862 	98.359 	102.530 	99.111 	100.839 	99.641 	101.947 	101.881 	98.637 	97.892 	104.578 	98.707 	101.827 	100.510 	101.588 	95.744 	102.601 	97.511 
O4000XBIO,PC,CY	98.603 	101.107 	100.147 	103.897 	97.492 	102.634 	100.100 	99.593 	98.734 	103.927 	100.309 	97.540 	102.023 	97.768 	97.809 	102.313 	104.179 	98.583 	100.080 	98.913 	104.192 	95.790 	100.980 	100.817 	97.867 	102.824 	100.671 	100.900 	99.230 	99.716 	101.676 
O4000XBIO,PC,CZ	95.711 	95.613 	97.676 	96.829 	99.732 	98.560 	98.096 	100.784 	99.689 	94.918 	95.310 	97.452 	93.622 	95.754 	93.631 	97.493 	96.890 	96.307 	97.636 	96.799 	96.543 	95.446 	95.466 	96.473 	97.614 	97.828 	97.250 	97.062 	99.469 	97.527 	101.229 
O4000XBIO,PC,DE	94.432 	97.272 	98.870 	96.853 	97.290 	95.804 	97.172 	96.725 	99.171 	93.914 	94.592 	96.683 	94.059 	97.230 	95.438 	97.317 	95.791 	94.357 	96.227 	96.503 	96.756 	95.500 	97.151 	96.475 	95.908 	96.541 	96.374 	95.834 	95.484 	97.339 	96.544 
O4000XBIO,PC,DK	29.642 	19.979 	11.268 	7.213 	8.932 	11.143 	5.684 	-10.224 	-6.153 	-48.727 	-84.105 	-71.347 	-99.284 	-99.795 	-116.420 	-104.447 	-86.460 	-66.199 	-49.170 	-61.165 	-44.328 	-48.119 	-35.050 	-15.521 	-9.933 	5.297 	2.537 	-5.315 	18.261 	44.820 	54.996 
O4000XBIO,PC,EA19	95.906 	95.872 	97.265 	95.769 	96.591 	95.981 	96.501 	96.618 	97.991 	95.469 	97.639 	96.789 	96.347 	97.189 	96.860 	97.650 	97.531 	96.050 	97.541 	96.861 	96.919 	96.273 	96.736 	96.883 	96.294 	98.545 	96.636 	96.031 	96.403 	98.208 	97.875 
O4000XBIO,PC,EE	103.303 	90.950 	95.355 	98.805 	100.307 	105.775 	101.893 	96.291 	101.137 	92.146 	101.467 	93.712 	100.990 	97.816 	99.308 	98.847 	105.361 	105.068 	95.682 	106.817 	95.781 	100.337 	100.283 	103.619 	101.688 	101.744 	101.507 	115.048 	84.630 	129.644 	130.198 
O4000XBIO,PC,EL	93.174 	94.255 	100.929 	99.498 	86.418 	98.593 	97.582 	99.828 	102.487 	95.273 	100.318 	98.540 	102.640 	96.127 	104.829 	97.782 	101.338 	100.971 	101.295 	96.763 	98.697 	93.929 	101.387 	94.730 	99.930 	105.487 	99.698 	98.097 	97.935 	95.719 	106.438 
O4000XBIO,PC,ES	98.831 	96.259 	97.496 	98.452 	99.479 	101.466 	98.963 	100.228 	100.823 	100.177 	101.034 	99.293 	101.174 	99.603 	99.377 	101.243 	100.839 	99.654 	100.365 	98.866 	99.882 	99.793 	96.758 	97.355 	101.662 	102.151 	99.236 	97.849 	98.957 	101.835 	99.355 
O4000XBIO,PC,EU27_2020	93.057 	92.673 	94.192 	92.986 	93.549 	92.949 	93.521 	93.651 	94.948 	91.658 	93.279 	92.919 	91.873 	93.088 	92.702 	93.847 	93.775 	93.110 	94.537 	93.974 	93.966 	93.345 	93.855 	94.323 	94.087 	96.748 	94.701 	93.783 	94.520 	96.728 	96.996 
O4000XBIO,PC,FI	99.994 	93.924 	97.047 	93.740 	115.004 	94.958 	97.414 	98.312 	96.772 	94.541 	104.066 	103.436 	93.885 	101.183 	96.144 	99.097 	100.390 	100.202 	103.588 	101.140 	92.275 	99.935 	95.631 	109.192 	98.175 	109.478 	97.364 	96.110 	98.182 	95.120 	102.416 
O4000XBIO,PC,FR	95.802 	97.791 	97.415 	95.335 	96.029 	96.972 	96.650 	98.226 	98.801 	96.465 	99.533 	97.763 	98.711 	99.416 	97.833 	99.380 	98.467 	98.030 	97.878 	97.840 	97.907 	98.354 	98.222 	99.313 	98.572 	98.608 	97.657 	99.122 	98.042 	98.429 	98.552 
O4000XBIO,PC,HR	43.273 	24.944 	40.922 	40.493 	51.446 	55.728 	58.333 	56.784 	57.176 	66.418 	61.035 	67.549 	81.472 	70.715 	77.686 	79.383 	76.579 	81.593 	84.232 	77.759 	80.642 	81.229 	75.150 	78.793 	75.748 	81.432 	78.967 	77.130 	82.112 	76.278 	73.696 
O4000XBIO,PC,HU	75.557 	62.242 	72.091 	75.100 	75.516 	70.938 	68.783 	73.909 	81.068 	75.154 	75.879 	71.482 	72.854 	76.342 	78.211 	81.998 	79.333 	82.926 	81.630 	78.639 	85.293 	83.116 	82.009 	85.254 	88.264 	93.700 	90.073 	86.980 	86.217 	86.649 	87.085 
O4000XBIO,PC,IE	104.487 	100.114 	98.850 	101.298 	98.476 	100.199 	101.198 	101.621 	101.648 	100.934 	98.778 	101.756 	101.453 	100.507 	100.307 	100.010 	100.836 	97.070 	101.176 	99.082 	97.482 	101.753 	99.325 	101.065 	98.417 	104.591 	99.084 	98.135 	98.004 	98.778 	103.223 
O4000XBIO,PC,IS	99.636 	98.770 	107.293 	97.275 	99.852 	100.121 	96.769 	98.401 	100.245 	103.631 	104.289 	99.691 	97.354 	94.231 	103.321 	102.012 	97.386 	99.936 	99.831 	101.893 	95.636 	100.573 	100.716 	101.794 	98.979 	102.534 	100.979 	99.799 	105.828 	95.742 	95.886 
O4000XBIO,PC,IT	97.260 	92.813 	95.898 	93.356 	95.452 	93.342 	93.896 	92.339 	94.064 	94.918 	96.135 	92.930 	94.093 	93.034 	93.137 	91.804 	93.174 	92.264 	91.947 	91.922 	93.576 	91.039 	90.065 	90.714 	88.536 	89.433 	90.948 	91.515 	89.845 	92.510 	88.717 
O4000XBIO,PC,LT	104.155 	97.608 	92.124 	97.531 	90.576 	114.557 	91.155 	94.869 	88.699 	86.608 	100.978 	75.440 	76.469 	89.443 	94.759 	93.445 	97.953 	95.085 	92.806 	89.998 	98.667 	91.549 	93.114 	93.369 	93.153 	100.712 	97.912 	94.995 	98.438 	100.828 	102.673 
O4000XBIO,PC,LU	100.700 	98.808 	101.373 	98.992 	99.997 	98.262 	100.880 	99.591 	101.763 	97.835 	102.098 	98.814 	100.677 	100.209 	99.583 	99.387 	100.983 	98.751 	100.179 	100.094 	99.348 	99.685 	100.461 	100.325 	100.228 	99.295 	100.039 	99.708 	99.733 	100.371 	99.959 
O4000XBIO,PC,LV	100.458 	100.824 	95.884 	101.456 	97.572 	102.607 	110.339 	89.856 	102.353 	84.007 	94.867 	101.365 	97.990 	99.216 	100.288 	102.174 	102.196 	98.248 	99.027 	99.504 	94.442 	101.825 	101.679 	100.387 	92.444 	102.920 	109.121 	100.121 	98.079 	100.194 	105.579 
O4000XBIO,PC,ME	: 	: 	: 	: 	: 	: 	: 	: 	: 	: 	: 	: 	: 	: 	: 	100.000 	100.000 	100.000 	100.000 	100.000 	100.000 	100.000 	100.000 	100.000 	102.947 	97.670 	104.508 	101.866 	100.654 	96.899 	95.291 
O4000XBIO,PC,MK	99.955 	110.285 	100.352 	101.324 	95.659 	117.266 	100.000 	100.000 	106.021 	90.816 	97.176 	102.737 	108.369 	90.627 	102.353 	102.418 	100.192 	96.590 	97.451 	106.394 	97.834 	97.307 	103.737 	93.931 	99.888 	99.827 	101.886 	99.678 	99.215 	101.847 	102.941 
O4000XBIO,PC,MT	100.000 	108.737 	112.556 	100.000 	100.000 	104.803 	100.000 	100.000 	100.000 	109.475 	100.246 	99.822 	99.817 	99.843 	99.850 	100.000 	100.000 	100.000 	100.000 	99.972 	99.215 	101.587 	101.386 	104.622 	98.273 	97.876 	101.815 	104.180 	97.417 	97.803 	99.270 
O4000XBIO,PC,NL	87.947 	90.075 	92.323 	90.711 	91.308 	85.772 	91.747 	92.344 	92.084 	89.205 	97.364 	93.762 	90.819 	91.843 	95.165 	96.211 	96.069 	92.365 	97.650 	97.861 	94.222 	92.251 	97.903 	95.284 	91.347 	101.725 	95.044 	90.541 	93.917 	101.078 	100.158 
O4000XBIO,PC,NO	-833.624 	-937.350 	-1204.253 	-1219.017 	-1536.292 	-1564.466 	-1713.806 	-1654.888 	-1575.320 	-1483.340 	-1598.987 	-1746.682 	-1637.971 	-1345.487 	-1114.600 	-967.907 	-858.789 	-1031.753 	-817.782 	-752.495 	-621.184 	-759.057 	-572.895 	-474.033 	-710.795 	-747.480 	-864.525 	-714.510 	-673.745 	-776.553 	-926.655 
O4000XBIO,PC,PL	104.760 	95.396 	98.652 	102.127 	96.007 	96.008 	97.529 	99.829 	98.444 	95.931 	99.708 	93.435 	96.561 	98.503 	96.386 	98.492 	100.597 	105.509 	97.351 	99.831 	98.203 	96.829 	96.625 	93.539 	95.451 	99.497 	94.957 	98.598 	98.770 	97.333 	96.861 
O4000XBIO,PC,PT	100.936 	102.253 	99.347 	100.303 	99.431 	100.554 	98.643 	100.489 	99.955 	101.571 	99.384 	102.833 	96.235 	103.090 	97.866 	102.342 	99.083 	98.061 	102.965 	99.309 	97.538 	100.829 	99.180 	97.143 	97.379 	101.719 	98.712 	100.202 	103.959 	98.125 	97.558 
O4000XBIO,PC,RO	58.561 	49.870 	47.877 	49.653 	39.019 	49.746 	47.969 	55.051 	45.287 	35.124 	34.446 	46.681 	33.720 	32.218 	46.775 	38.605 	43.742 	51.563 	52.157 	52.100 	52.622 	47.394 	52.173 	47.653 	54.945 	54.243 	57.326 	61.289 	63.128 	65.367 	64.704 
O4000XBIO,PC,RS	79.482 	70.946 	53.419 	37.200 	39.724 	42.390 	68.782 	74.709 	71.694 	37.627 	32.827 	66.062 	73.800 	77.778 	84.411 	85.043 	85.927 	83.401 	86.814 	80.432 	74.812 	72.639 	65.435 	60.724 	61.704 	64.100 	72.512 	75.405 	76.101 	75.678 	76.211 
O4000XBIO,PC,SE	99.728 	97.022 	96.683 	99.985 	103.475 	95.345 	102.623 	100.126 	103.854 	94.805 	100.758 	104.250 	91.513 	105.082 	98.095 	103.881 	99.409 	99.132 	102.651 	101.663 	93.662 	98.623 	95.509 	100.436 	101.572 	114.645 	107.341 	86.791 	90.630 	106.841 	127.812 
O4000XBIO,PC,SI	102.861 	98.136 	99.243 	99.792 	101.552 	97.787 	99.429 	102.906 	98.546 	97.524 	101.542 	97.925 	100.672 	101.333 	101.377 	101.248 	97.810 	98.860 	101.680 	100.295 	99.163 	99.703 	104.251 	97.257 	97.686 	99.614 	100.296 	103.178 	99.240 	101.441 	99.471 
O4000XBIO,PC,SK	100.258 	93.226 	97.274 	98.563 	96.066 	102.116 	99.738 	99.927 	101.868 	97.301 	92.483 	97.472 	97.417 	101.002 	103.644 	97.360 	104.403 	100.980 	100.988 	97.911 	98.433 	100.898 	99.435 	100.996 	102.547 	100.607 	102.026 	97.540 	101.251 	101.264 	101.986 
O4000XBIO,PC,TR	89.648 	77.093 	83.089 	87.979 	89.427 	91.760 	91.595 	88.632 	90.237 	88.830 	93.420 	91.950 	91.384 	93.171 	93.072 	90.900 	94.048 	96.480 	93.459 	90.999 	92.581 	91.454 	95.648 	93.079 	93.104 	97.636 	95.462 	95.672 	94.919 	93.652 	91.796 
O4000XBIO,PC,UK	-12.738 	-8.979 	-12.195 	-19.205 	-49.294 	-57.653 	-55.082 	-57.966 	-60.002 	-65.429 	-54.380 	-43.822 	-47.948 	-33.389 	-16.898 	-3.113 	8.659 	2.106 	9.102 	7.716 	14.078 	26.808 	36.673 	39.547 	42.188 	36.712 	34.146 	35.647 	28.721 	27.824 	: 
O4000XBIO,PC,XK	: 	: 	: 	: 	: 	: 	: 	: 	: 	: 	100.000 	100.000 	100.000 	100.000 	100.000 	100.000 	100.000 	100.000 	100.000 	100.000 	100.000 	100.000 	100.000 	100.000 	100.000 	100.000 	100.000 	100.000 	100.000 	100.000 	100.000 
TOTAL,PC,AL	6.412 	-3.496 	-3.378 	0.194 	3.586 	6.696 	6.354 	8.776 	16.347 	41.525 	45.781 	52.210 	53.360 	50.757 	47.764 	49.710 	40.387 	49.179 	49.780 	46.388 	28.897 	35.658 	15.626 	25.300 	28.716 	12.593 	20.128 	38.126 	20.967 	31.546 	35.822 
TOTAL,PC,AT	68.826 	66.867 	68.662 	65.905 	65.449 	66.555 	69.596 	67.603 	70.371 	65.428 	65.543 	65.040 	68.022 	70.993 	71.072 	71.761 	72.257 	68.480 	68.738 	65.121 	62.779 	69.976 	63.782 	61.261 	65.620 	60.371 	62.099 	63.928 	64.231 	71.623 	58.324 
TOTAL,PC,BA	: 	: 	: 	: 	: 	: 	: 	: 	: 	: 	: 	: 	: 	: 	: 	: 	: 	: 	: 	: 	: 	: 	: 	: 	28.209 	33.693 	31.518 	34.031 	24.263 	27.377 	25.401 
TOTAL,PC,BE	75.267 	77.077 	78.167 	76.775 	79.863 	80.952 	80.543 	78.419 	80.851 	77.028 	78.164 	80.693 	77.667 	79.704 	79.773 	79.908 	79.484 	76.879 	80.843 	75.913 	78.553 	76.463 	76.564 	77.777 	80.102 	84.146 	75.890 	75.257 	82.969 	77.592 	78.055 
TOTAL,PC,BG	63.429 	63.208 	56.599 	58.613 	55.346 	57.318 	56.403 	51.221 	50.259 	48.593 	46.409 	46.199 	46.917 	46.650 	48.340 	47.343 	46.223 	51.233 	52.154 	45.393 	40.146 	36.732 	36.853 	38.319 	35.172 	36.446 	38.472 	39.362 	36.325 	38.104 	37.882 
TOTAL,PC,CY	98.295 	100.745 	99.859 	103.636 	97.006 	100.480 	98.175 	97.716 	96.799 	101.907 	98.632 	96.075 	100.557 	96.074 	95.457 	100.703 	102.508 	95.894 	97.540 	96.130 	100.636 	92.263 	96.748 	96.071 	93.086 	97.319 	95.841 	95.927 	92.491 	92.792 	93.077 
TOTAL,PC,CZ	15.179 	15.609 	15.701 	15.836 	18.641 	20.454 	24.186 	24.032 	25.024 	24.971 	22.704 	25.012 	26.204 	24.929 	25.338 	27.846 	27.498 	24.989 	27.736 	26.866 	25.379 	28.831 	25.413 	27.580 	30.227 	32.089 	32.800 	37.162 	36.879 	40.822 	38.898 
TOTAL,PC,DE	46.527 	51.568 	54.514 	55.429 	56.686 	56.749 	58.669 	59.336 	60.969 	59.243 	59.441 	60.891 	60.126 	60.540 	61.158 	60.740 	60.981 	58.516 	60.769 	61.103 	59.992 	61.801 	61.215 	62.411 	61.779 	62.132 	63.752 	63.959 	63.478 	67.055 	63.711 
TOTAL,PC,DK	45.496 	39.612 	36.956 	27.272 	27.210 	33.547 	22.029 	15.772 	5.601 	-16.882 	-35.918 	-28.630 	-42.287 	-31.541 	-47.120 	-50.618 	-35.492 	-24.247 	-20.993 	-19.937 	-16.009 	-5.965 	-2.815 	12.306 	12.202 	13.060 	13.529 	11.345 	22.704 	38.698 	44.856 
TOTAL,PC,EA19	57.157 	57.937 	59.464 	57.719 	58.957 	59.712 	59.844 	60.903 	62.762 	62.666 	64.096 	63.234 	63.816 	64.036 	64.129 	65.033 	65.436 	63.598 	64.439 	63.302 	61.803 	62.440 	61.035 	59.899 	60.164 	62.170 	61.953 	63.109 	63.362 	65.193 	62.075 
TOTAL,PC,EE	41.000 	38.896 	35.564 	36.799 	34.485 	32.967 	30.356 	30.431 	37.701 	35.152 	33.984 	33.740 	32.106 	29.768 	30.108 	26.879 	30.031 	24.291 	27.215 	27.171 	14.680 	13.646 	20.647 	14.522 	11.562 	11.181 	8.069 	4.584 	1.229 	4.838 	10.502 
TOTAL,PC,EL	61.852 	63.096 	68.830 	66.386 	58.450 	66.465 	67.858 	67.206 	69.756 	65.670 	69.055 	68.495 	71.063 	67.088 	72.259 	68.203 	71.419 	70.858 	72.915 	67.341 	68.584 	64.677 	65.889 	61.750 	65.455 	71.047 	72.911 	71.282 	70.681 	74.103 	81.415 
TOTAL,PC,ES	62.728 	63.286 	66.213 	65.318 	67.598 	71.893 	70.628 	71.517 	74.514 	76.749 	76.797 	74.797 	78.642 	76.738 	77.652 	81.534 	81.505 	79.560 	81.605 	79.549 	77.003 	76.012 	72.798 	69.997 	72.557 	72.741 	71.486 	73.886 	73.613 	75.032 	67.890 
TOTAL,PC,EU27_2020	50.022 	50.437 	51.727 	50.264 	51.314 	52.148 	52.678 	53.549 	55.364 	55.020 	56.280 	55.764 	56.251 	56.873 	56.843 	57.815 	58.253 	57.214 	58.364 	57.163 	55.763 	56.364 	54.921 	53.940 	54.422 	56.068 	56.164 	57.557 	58.132 	60.464 	57.497 
TOTAL,PC,FI	61.017 	56.795 	55.683 	55.897 	65.815 	53.450 	54.854 	56.031 	53.237 	50.675 	55.475 	55.337 	52.360 	59.095 	54.731 	54.459 	54.073 	53.320 	54.483 	54.803 	48.859 	53.914 	47.109 	49.662 	49.935 	47.947 	46.166 	43.941 	44.816 	42.112 	42.032 
TOTAL,PC,FR	52.174 	52.248 	51.796 	47.707 	47.390 	47.677 	48.209 	48.739 	50.960 	51.273 	51.248 	50.402 	50.792 	50.640 	50.837 	51.677 	51.495 	50.394 	50.724 	50.627 	48.645 	49.052 	48.204 	48.021 	46.243 	45.933 	47.399 	48.797 	46.844 	47.556 	44.463 
TOTAL,PC,HR	40.211 	27.739 	34.216 	32.441 	37.937 	36.248 	38.927 	42.513 	44.476 	48.803 	48.450 	46.527 	54.422 	50.708 	51.885 	52.564 	49.170 	51.806 	54.750 	46.016 	46.693 	49.639 	49.862 	47.434 	44.206 	48.786 	48.430 	53.152 	52.691 	56.216 	53.589 
TOTAL,PC,HU	49.268 	46.012 	44.339 	47.526 	46.763 	47.796 	51.229 	51.284 	54.652 	53.424 	54.978 	53.411 	56.885 	62.057 	60.955 	62.254 	61.819 	60.362 	62.589 	57.574 	56.930 	50.273 	50.146 	50.122 	59.845 	53.875 	55.823 	62.645 	58.123 	69.712 	56.628 
TOTAL,PC,IE	69.010 	67.024 	65.885 	66.932 	64.931 	71.312 	71.667 	75.964 	80.348 	85.546 	85.433 	89.605 	88.086 	90.265 	91.614 	89.655 	90.758 	87.563 	90.010 	87.821 	87.484 	90.352 	83.709 	91.620 	86.150 	88.778 	69.079 	66.882 	67.556 	68.700 	71.302 
TOTAL,PC,IS	32.967 	31.353 	36.464 	33.342 	34.319 	34.126 	34.311 	34.802 	34.629 	32.165 	30.567 	29.083 	28.813 	27.848 	31.955 	31.224 	25.980 	22.832 	21.200 	20.106 	13.864 	13.390 	13.694 	13.505 	13.955 	16.418 	18.941 	18.370 	19.143 	16.106 	11.966 
TOTAL,PC,IT	84.401 	81.909 	84.041 	80.458 	80.774 	82.027 	81.952 	80.728 	81.836 	82.957 	86.523 	83.244 	85.589 	82.995 	84.360 	83.348 	85.867 	83.002 	82.804 	80.777 	82.571 	81.353 	79.109 	76.736 	75.811 	77.030 	77.653 	76.979 	76.338 	77.484 	73.454 
TOTAL,PC,LT	71.002 	70.477 	59.959 	55.784 	63.725 	61.946 	51.569 	54.418 	49.125 	52.265 	57.776 	45.539 	40.610 	42.663 	45.521 	55.332 	60.351 	59.111 	56.016 	48.550 	79.045 	78.604 	77.534 	75.556 	74.935 	75.452 	74.784 	71.965 	73.897 	75.202 	74.909 
TOTAL,PC,LU	99.499 	98.591 	99.488 	98.329 	98.776 	97.717 	99.379 	98.492 	99.468 	97.089 	99.598 	97.374 	98.610 	98.378 	97.892 	97.376 	98.232 	96.668 	97.446 	97.514 	97.069 	97.293 	97.510 	97.101 	96.630 	95.965 	96.294 	95.581 	95.183 	95.044 	92.458 
TOTAL,PC,LV	88.963 	85.583 	87.508 	71.172 	72.361 	70.534 	73.982 	60.381 	60.793 	55.925 	61.010 	59.372 	58.760 	63.235 	69.422 	63.841 	66.707 	62.478 	58.825 	60.411 	45.545 	59.863 	56.388 	55.883 	40.592 	51.179 	47.152 	44.053 	44.313 	43.913 	45.481 
TOTAL,PC,ME	: 	: 	: 	: 	: 	: 	: 	: 	: 	: 	: 	: 	: 	: 	: 	42.477 	44.975 	54.291 	46.208 	43.066 	26.397 	36.219 	34.270 	23.482 	29.917 	30.080 	34.590 	40.486 	31.060 	32.857 	27.422 
TOTAL,PC,MK	48.415 	49.740 	44.304 	46.344 	34.790 	41.446 	45.109 	42.899 	42.728 	36.391 	40.758 	38.793 	46.368 	39.189 	41.804 	42.761 	44.683 	47.116 	46.304 	45.221 	44.005 	45.620 	48.187 	46.729 	51.550 	52.432 	58.754 	56.186 	58.388 	58.146 	63.291 
TOTAL,PC,MT	100.000 	107.146 	110.631 	100.000 	100.404 	103.552 	100.000 	100.000 	100.000 	109.475 	100.246 	99.822 	99.802 	99.826 	99.829 	99.967 	99.962 	99.956 	99.952 	99.926 	99.036 	101.300 	100.973 	104.139 	97.657 	97.296 	101.076 	103.052 	97.527 	97.278 	97.560 
TOTAL,PC,NL	23.651 	18.908 	18.974 	17.742 	22.503 	20.762 	17.764 	26.180 	28.952 	31.183 	38.267 	34.403 	35.084 	38.717 	32.149 	37.784 	38.561 	37.407 	33.555 	34.059 	28.279 	29.357 	30.635 	23.739 	30.948 	49.051 	45.958 	51.906 	59.495 	64.304 	68.068 
TOTAL,PC,NO	-435.231 	-479.730 	-533.338 	-526.405 	-602.279 	-640.327 	-756.473 	-731.931 	-676.127 	-653.235 	-723.443 	-716.791 	-801.071 	-739.130 	-702.544 	-661.358 	-627.919 	-648.208 	-564.390 	-572.186 	-512.833 	-575.904 	-530.724 	-471.686 	-559.141 	-575.438 	-611.539 	-593.337 	-554.773 	-567.102 	-623.059 
TOTAL,PC,PL	0.854 	1.221 	1.605 	2.622 	0.086 	-0.191 	5.430 	6.570 	8.526 	9.924 	10.722 	10.450 	11.439 	13.309 	14.727 	17.748 	20.149 	25.790 	30.862 	32.041 	31.569 	34.020 	31.628 	26.254 	29.415 	29.848 	30.760 	38.269 	43.505 	45.237 	42.760 
TOTAL,PC,PT	83.571 	82.315 	84.112 	82.652 	81.261 	85.720 	80.751 	84.167 	84.421 	87.781 	85.286 	85.177 	84.162 	85.488 	83.933 	88.561 	83.967 	81.519 	83.623 	81.434 	75.220 	77.792 	79.461 	73.347 	70.234 	76.293 	72.241 	77.965 	75.653 	73.860 	65.261 
TOTAL,PC,RO	35.907 	28.716 	29.565 	27.023 	25.803 	30.860 	31.018 	32.662 	28.935 	21.163 	21.884 	26.272 	24.275 	25.418 	30.036 	27.474 	29.158 	31.460 	27.650 	19.890 	21.386 	21.140 	22.463 	18.317 	16.663 	16.687 	21.901 	23.295 	24.291 	30.282 	28.201 
TOTAL,PC,RS	30.936 	26.653 	20.645 	10.232 	9.549 	10.463 	24.898 	26.959 	24.595 	14.117 	13.877 	23.463 	26.366 	28.617 	33.482 	36.611 	38.232 	36.392 	37.729 	32.256 	33.516 	30.445 	27.940 	24.094 	27.937 	27.693 	29.726 	33.815 	34.640 	35.611 	29.836 
TOTAL,PC,SE	38.187 	35.713 	37.404 	38.858 	40.376 	37.757 	40.442 	38.406 	37.875 	35.185 	39.316 	37.005 	37.664 	43.679 	37.256 	38.075 	38.227 	36.797 	38.416 	38.186 	37.990 	36.476 	30.164 	32.790 	32.335 	30.061 	33.301 	26.658 	29.059 	30.044 	33.511 
TOTAL,PC,SI	45.867 	42.493 	42.006 	48.369 	49.334 	51.018 	55.512 	55.468 	52.525 	55.969 	51.852 	48.940 	49.749 	52.467 	51.379 	50.826 	50.897 	50.821 	53.587 	48.834 	49.277 	48.329 	51.813 	47.461 	45.187 	49.304 	49.017 	50.769 	51.213 	52.116 	45.801 
TOTAL,PC,SK	77.071 	72.976 	74.782 	68.893 	68.114 	68.881 	73.197 	72.969 	70.669 	66.162 	65.065 	62.537 	64.476 	64.918 	68.180 	65.990 	64.344 	69.736 	65.842 	67.692 	64.448 	65.933 	61.625 	60.825 	62.135 	60.102 	60.551 	64.845 	63.679 	69.762 	56.329 
TOTAL,PC,TR	53.545 	47.410 	50.231 	55.291 	55.860 	59.274 	60.447 	59.945 	60.155 	60.893 	65.384 	64.574 	67.567 	70.507 	70.222 	71.680 	72.792 	74.154 	72.379 	70.375 	70.651 	71.111 	75.642 	75.385 	76.294 	77.877 	75.482 	77.168 	73.789 	69.952 	70.648 
TOTAL,PC,UK	2.277 	5.097 	3.838 	-0.032 	-14.584 	-16.750 	-14.766 	-15.482 	-16.431 	-20.573 	-17.128 	-9.526 	-11.954 	-5.960 	4.485 	13.363 	21.132 	20.378 	26.236 	27.274 	29.008 	36.942 	43.387 	47.758 	46.773 	37.638 	35.639 	35.575 	35.513 	34.829 	: 
TOTAL,PC,XK	: 	: 	: 	: 	: 	: 	: 	: 	: 	: 	27.108 	27.121 	27.186 	26.714 	27.143 	28.216 	29.470 	29.034 	27.071 	25.880 	24.605 	27.504 	27.249 	21.847 	27.178 	27.601 	23.609 	29.957 	29.274 	30.534 	29.537 
